Ligand_ID,Set,Ground_Truth,ML_Proba,ML_Pred,ML_Correct
1,train,0,0.1165,0,1
2,test,0,0.0486,0,1
3,train,0,0.0445,0,1
4,train,0,0.5879,0,1
5,test,0,0.0176,0,1
6,train,0,0.0370,0,1
7,train,0,0.6209,0,1
8,train,0,0.0345,0,1
9,train,0,0.0027,0,1
10,train,0,0.0182,0,1
11,train,0,0.0176,0,1
12,test,0,0.0323,0,1
13,train,0,0.0040,0,1
14,train,0,0.0418,0,1
15,train,0,0.1226,0,1
16,train,0,0.0216,0,1
17,test,0,0.0362,0,1
18,train,0,0.0018,0,1
19,train,0,0.0911,0,1
20,test,0,0.0350,0,1
21,train,0,0.8170,1,0
22,test,0,0.0852,0,1
23,train,0,0.0080,0,1
24,train,0,0.0059,0,1
25,train,0,0.0930,0,1
26,train,0,0.0137,0,1
27,train,0,0.2597,0,1
28,train,0,0.4076,0,1
29,train,0,0.0341,0,1
30,train,0,0.0427,0,1
31,train,0,0.0520,0,1
32,train,0,0.1455,0,1
33,train,0,0.0361,0,1
34,train,0,0.0598,0,1
35,test,0,0.0205,0,1
36,test,0,0.0485,0,1
37,test,0,0.0127,0,1
38,train,0,0.0352,0,1
39,test,0,0.0027,0,1
40,train,0,0.1379,0,1
41,train,0,0.1093,0,1
42,train,0,0.3952,0,1
43,train,0,0.0958,0,1
44,train,0,0.0224,0,1
45,train,0,0.0462,0,1
46,train,0,0.5879,0,1
47,test,0,0.1249,0,1
48,train,0,0.0319,0,1
49,train,0,0.0784,0,1
50,train,0,0.1365,0,1
51,test,0,0.2283,0,1
52,train,0,0.0342,0,1
53,train,0,0.0341,0,1
54,train,0,0.6798,0,1
55,train,0,0.0891,0,1
56,train,0,0.0424,0,1
57,train,0,0.0173,0,1
58,train,0,0.4709,0,1
59,train,0,0.5750,0,1
60,train,0,0.0580,0,1
61,train,0,0.2333,0,1
62,train,0,0.0174,0,1
63,train,0,0.0341,0,1
64,train,0,0.0310,0,1
65,test,0,0.0792,0,1
66,train,0,0.0741,0,1
67,train,0,0.0870,0,1
68,train,0,0.0138,0,1
69,train,0,0.0321,0,1
70,train,0,0.0601,0,1
71,train,0,0.0104,0,1
72,train,0,0.8948,1,0
73,train,0,0.0683,0,1
74,train,0,0.0640,0,1
75,train,0,0.5419,0,1
76,test,0,0.0037,0,1
77,train,0,0.0965,0,1
78,train,0,0.0323,0,1
79,train,0,0.0563,0,1
80,train,0,0.1759,0,1
81,train,0,0.0397,0,1
82,train,0,0.0268,0,1
83,train,0,0.1394,0,1
84,train,0,0.0817,0,1
85,train,0,0.1961,0,1
86,train,0,0.0198,0,1
87,train,0,0.0449,0,1
88,train,0,0.1047,0,1
89,train,0,0.1034,0,1
90,test,0,0.0520,0,1
91,test,0,0.0972,0,1
92,train,0,0.0514,0,1
93,train,0,0.0807,0,1
94,train,0,0.1096,0,1
95,train,0,0.0410,0,1
96,test,0,0.0280,0,1
97,train,0,0.0826,0,1
98,train,0,0.0719,0,1
99,test,0,0.1349,0,1
100,train,0,0.0490,0,1
101,train,0,0.2918,0,1
102,train,0,0.0222,0,1
103,train,0,0.0017,0,1
104,test,0,0.5171,0,1
105,train,0,0.1321,0,1
106,train,0,0.1003,0,1
107,train,0,0.0472,0,1
108,train,0,0.0022,0,1
109,train,0,0.1324,0,1
110,train,0,0.0943,0,1
111,train,0,0.0480,0,1
112,train,0,0.2514,0,1
113,train,0,0.4136,0,1
114,train,0,0.6403,0,1
115,test,0,0.2093,0,1
116,train,0,0.0344,0,1
117,test,0,0.0967,0,1
118,train,0,0.0035,0,1
119,train,0,0.0111,0,1
120,test,0,0.0027,0,1
121,train,0,0.0384,0,1
122,train,0,0.1553,0,1
123,test,0,0.1450,0,1
124,train,0,0.0987,0,1
125,train,0,0.0492,0,1
126,train,0,0.0468,0,1
127,train,0,0.0358,0,1
128,test,0,0.0296,0,1
129,train,0,0.0366,0,1
130,train,0,0.0480,0,1
131,test,0,0.0182,0,1
132,train,0,0.1136,0,1
133,train,0,0.1102,0,1
134,train,0,0.0310,0,1
135,train,0,0.0862,0,1
136,train,0,0.0135,0,1
137,train,0,0.0333,0,1
138,train,0,0.0884,0,1
139,train,0,0.0018,0,1
140,train,0,0.0091,0,1
141,train,0,0.4045,0,1
142,train,0,0.0344,0,1
143,train,0,0.1002,0,1
144,test,0,0.0599,0,1
145,train,0,0.0234,0,1
146,train,0,0.0676,0,1
147,test,0,0.0889,0,1
148,train,0,0.0090,0,1
149,train,0,0.0290,0,1
150,train,0,0.0965,0,1
151,train,0,0.1057,0,1
152,train,0,0.0442,0,1
153,train,0,0.1098,0,1
154,test,0,0.0929,0,1
155,test,0,0.2715,0,1
156,train,0,0.1643,0,1
157,train,0,0.0694,0,1
158,train,0,0.0225,0,1
159,train,0,0.6948,0,1
160,train,0,0.0328,0,1
161,test,0,0.1276,0,1
162,test,0,0.0360,0,1
163,train,0,0.0192,0,1
164,train,0,0.0335,0,1
165,train,0,0.0583,0,1
166,train,0,0.1975,0,1
167,train,0,0.0314,0,1
168,train,0,0.0899,0,1
169,train,0,0.0342,0,1
170,train,0,0.0523,0,1
171,train,0,0.1961,0,1
172,train,0,0.1805,0,1
173,test,0,0.0078,0,1
174,train,0,0.0300,0,1
175,train,0,0.0094,0,1
176,train,0,0.0907,0,1
177,train,0,0.0180,0,1
178,train,0,0.0112,0,1
179,train,0,0.0219,0,1
180,train,0,0.0143,0,1
181,test,0,0.0490,0,1
182,train,0,0.1057,0,1
183,train,0,0.0688,0,1
184,train,0,0.0111,0,1
185,train,0,0.0426,0,1
186,train,0,0.1360,0,1
187,test,0,0.0237,0,1
188,train,0,0.0791,0,1
189,train,0,0.2282,0,1
190,test,0,0.0338,0,1
191,test,0,0.5223,0,1
192,train,0,0.0490,0,1
193,train,0,0.1178,0,1
194,train,0,0.0872,0,1
195,train,0,0.2797,0,1
196,train,0,0.0349,0,1
197,train,0,0.0377,0,1
198,test,0,0.0018,0,1
199,train,0,0.0330,0,1
200,train,0,0.1919,0,1
201,test,0,0.0066,0,1
202,test,0,0.0736,0,1
203,test,0,0.1178,0,1
204,train,0,0.0483,0,1
205,train,0,0.2245,0,1
206,train,0,0.1140,0,1
207,test,0,0.0355,0,1
208,train,0,0.0339,0,1
209,train,0,0.3807,0,1
210,train,0,0.0360,0,1
211,train,0,0.0685,0,1
212,train,0,0.0177,0,1
213,train,0,0.0418,0,1
214,train,0,0.0553,0,1
215,train,0,0.0302,0,1
216,train,0,0.0386,0,1
217,test,0,0.0741,0,1
218,train,0,0.0323,0,1
219,train,0,0.0225,0,1
220,train,0,0.0045,0,1
221,train,0,0.1347,0,1
222,train,0,0.0954,0,1
223,train,0,0.0972,0,1
224,train,0,0.0315,0,1
225,train,0,0.0038,0,1
226,test,0,0.0369,0,1
227,train,0,0.1700,0,1
228,train,0,0.2393,0,1
229,train,0,0.0414,0,1
230,train,0,0.0706,0,1
231,train,0,0.2022,0,1
232,train,0,0.1789,0,1
233,train,0,0.2311,0,1
234,train,0,0.0198,0,1
235,test,0,0.0410,0,1
236,train,0,0.0220,0,1
237,train,0,0.1304,0,1
238,train,0,0.0078,0,1
239,train,0,0.0214,0,1
240,train,0,0.0233,0,1
241,train,0,0.0667,0,1
242,test,0,0.0245,0,1
243,train,0,0.0295,0,1
244,train,0,0.2674,0,1
245,train,0,0.0103,0,1
246,test,0,0.1240,0,1
247,train,0,0.0621,0,1
248,train,0,0.0039,0,1
249,train,0,0.0074,0,1
250,train,0,0.3958,0,1
251,train,0,0.0114,0,1
252,train,0,0.0349,0,1
253,train,0,0.0351,0,1
254,test,0,0.1074,0,1
255,train,0,0.0667,0,1
256,train,0,0.0907,0,1
257,train,0,0.0597,0,1
258,train,0,0.0344,0,1
259,train,0,0.0110,0,1
260,train,0,0.6187,0,1
261,train,0,0.0327,0,1
262,train,0,0.0079,0,1
263,test,0,0.0554,0,1
264,train,0,0.0419,0,1
265,test,0,0.0300,0,1
266,train,0,0.1460,0,1
267,train,0,0.1068,0,1
268,train,0,0.0087,0,1
269,test,0,0.0027,0,1
270,train,0,0.0737,0,1
271,train,0,0.0622,0,1
272,train,0,0.0556,0,1
273,train,0,0.0384,0,1
274,train,0,0.1507,0,1
275,train,0,0.0080,0,1
276,train,0,0.1694,0,1
277,train,0,0.0035,0,1
278,train,0,0.1371,0,1
279,train,0,0.2636,0,1
280,train,0,0.0884,0,1
281,train,0,0.0342,0,1
282,train,0,0.0323,0,1
283,train,0,0.0262,0,1
284,train,0,0.0279,0,1
285,test,0,0.0103,0,1
286,train,0,0.1278,0,1
287,train,0,0.2311,0,1
288,train,0,0.0039,0,1
289,train,0,0.0024,0,1
290,train,0,0.0336,0,1
291,train,0,0.0292,0,1
292,train,0,0.0355,0,1
293,train,0,0.0215,0,1
294,test,0,0.0583,0,1
295,train,0,0.0988,0,1
296,train,0,0.0091,0,1
297,train,0,0.1897,0,1
298,train,0,0.0036,0,1
299,train,0,0.2893,0,1
300,train,0,0.6798,0,1
301,train,0,0.1324,0,1
302,test,0,0.0042,0,1
303,train,0,0.2468,0,1
304,train,0,0.1130,0,1
305,train,0,0.0315,0,1
306,train,0,0.0028,0,1
307,train,0,0.0252,0,1
308,train,0,0.0090,0,1
309,train,0,0.0344,0,1
310,train,0,0.0082,0,1
311,train,0,0.0922,0,1
312,train,0,0.0871,0,1
313,train,0,0.0082,0,1
314,train,0,0.0382,0,1
315,train,0,0.1605,0,1
316,train,0,0.1747,0,1
317,train,0,0.0347,0,1
318,test,0,0.0134,0,1
319,train,0,0.0018,0,1
320,train,0,0.6709,0,1
321,train,0,0.0894,0,1
322,train,0,0.0247,0,1
323,train,0,0.0851,0,1
324,train,0,0.0997,0,1
325,train,0,0.0514,0,1
326,train,0,0.1256,0,1
327,train,0,0.0505,0,1
328,train,0,0.0983,0,1
329,train,0,0.0500,0,1
330,train,0,0.0022,0,1
331,test,0,0.2871,0,1
332,train,0,0.0505,0,1
333,train,0,0.0943,0,1
334,train,0,0.0195,0,1
335,train,0,0.0284,0,1
336,test,0,0.0017,0,1
337,train,0,0.0621,0,1
338,test,0,0.0357,0,1
339,train,0,0.0059,0,1
340,train,0,0.0856,0,1
341,train,0,0.0437,0,1
342,train,0,0.1539,0,1
343,train,0,0.0221,0,1
344,train,0,0.0493,0,1
345,train,0,0.0055,0,1
346,train,0,0.0357,0,1
347,train,0,0.0318,0,1
348,train,0,0.0490,0,1
349,train,0,0.0216,0,1
350,train,0,0.0223,0,1
351,train,0,0.0384,0,1
352,train,0,0.1015,0,1
353,train,0,0.1217,0,1
354,train,0,0.6051,0,1
355,train,0,0.1138,0,1
356,train,0,0.1551,0,1
357,test,0,0.0224,0,1
358,train,0,0.0315,0,1
359,train,0,0.0039,0,1
360,train,0,0.0259,0,1
361,train,0,0.0229,0,1
362,train,0,0.0284,0,1
363,train,0,0.0315,0,1
364,train,0,0.0090,0,1
365,train,0,0.0350,0,1
366,train,0,0.0047,0,1
367,train,0,0.0189,0,1
368,train,0,0.0351,0,1
369,train,0,0.0973,0,1
370,test,0,0.0022,0,1
371,train,0,0.0111,0,1
372,train,0,0.0240,0,1
373,train,0,0.1970,0,1
374,train,0,0.0509,0,1
375,train,0,0.0707,0,1
376,train,0,0.0111,0,1
377,train,0,0.0947,0,1
378,train,0,0.0539,0,1
379,test,0,0.1097,0,1
380,test,0,0.0493,0,1
381,train,0,0.6403,0,1
382,train,0,0.0959,0,1
383,train,0,0.0938,0,1
384,train,0,0.1112,0,1
385,train,0,0.0140,0,1
386,train,0,0.2871,0,1
387,train,0,0.0027,0,1
388,train,0,0.0097,0,1
389,train,0,0.1000,0,1
390,train,0,0.0214,0,1
391,train,0,0.0364,0,1
392,test,0,0.0335,0,1
393,test,0,0.0103,0,1
394,train,0,0.0396,0,1
395,train,0,0.0131,0,1
396,test,0,0.0436,0,1
397,test,0,0.2094,0,1
398,test,0,0.0389,0,1
399,train,0,0.0022,0,1
400,test,0,0.0364,0,1
401,test,0,0.0191,0,1
402,train,0,0.1220,0,1
403,train,0,0.0265,0,1
404,test,0,0.0806,0,1
405,train,0,0.0899,0,1
406,train,0,0.0204,0,1
407,train,0,0.0048,0,1
408,train,0,0.0361,0,1
409,train,0,0.0268,0,1
410,train,0,0.2012,0,1
411,train,0,0.0192,0,1
412,train,0,0.0018,0,1
413,test,0,0.0027,0,1
414,train,0,0.0027,0,1
415,train,0,0.0688,0,1
416,train,0,0.0757,0,1
417,train,0,0.1365,0,1
418,test,0,0.1036,0,1
419,test,0,0.0379,0,1
420,train,0,0.0313,0,1
421,train,0,0.0532,0,1
422,train,0,0.0113,0,1
423,train,0,0.1145,0,1
424,train,0,0.2351,0,1
425,train,0,0.0994,0,1
426,train,0,0.0670,0,1
427,train,0,0.2918,0,1
428,train,0,0.0213,0,1
429,train,0,0.0431,0,1
430,train,0,0.0196,0,1
431,train,0,0.0456,0,1
432,train,0,0.0047,0,1
433,train,0,0.2000,0,1
434,train,0,0.0016,0,1
435,train,0,0.0050,0,1
436,train,0,0.1026,0,1
437,train,0,0.2076,0,1
438,train,0,0.0072,0,1
439,train,0,0.0299,0,1
440,train,0,0.0350,0,1
441,train,0,0.0490,0,1
442,train,0,0.0392,0,1
443,train,0,0.0946,0,1
444,train,0,0.0221,0,1
445,train,0,0.0949,0,1
446,train,0,0.1787,0,1
447,train,0,0.0337,0,1
448,train,0,0.0017,0,1
449,train,0,0.0103,0,1
450,train,0,0.0374,0,1
451,train,0,0.3620,0,1
452,train,0,0.0164,0,1
453,test,0,0.0027,0,1
454,train,0,0.0740,0,1
455,train,0,0.0438,0,1
456,test,0,0.0176,0,1
457,train,0,0.1072,0,1
458,train,0,0.5289,0,1
459,train,0,0.0996,0,1
460,test,0,0.0081,0,1
461,train,0,0.5188,0,1
462,train,0,0.0025,0,1
463,train,0,0.5188,0,1
464,train,0,0.0361,0,1
465,train,0,0.0036,0,1
466,train,0,0.0377,0,1
467,test,0,0.1566,0,1
468,train,0,0.0100,0,1
469,train,0,0.0111,0,1
470,test,0,0.1040,0,1
471,train,0,0.1081,0,1
472,train,0,0.0948,0,1
473,train,0,0.1897,0,1
474,train,0,0.5188,0,1
475,test,0,0.0324,0,1
476,train,0,0.0262,0,1
477,train,0,0.0017,0,1
478,train,0,0.0986,0,1
479,train,0,0.0568,0,1
480,train,0,0.3335,0,1
481,train,0,0.0103,0,1
482,train,0,0.1238,0,1
483,train,0,0.0084,0,1
484,train,0,0.0028,0,1
485,train,0,0.0017,0,1
486,train,0,0.1394,0,1
487,train,0,0.2573,0,1
488,test,0,0.1196,0,1
489,test,0,0.0090,0,1
490,train,0,0.1743,0,1
491,train,0,0.0361,0,1
492,train,0,0.1220,0,1
493,test,0,0.3815,0,1
494,train,0,0.0370,0,1
495,train,0,0.0017,0,1
496,train,0,0.5533,0,1
497,test,0,0.0202,0,1
498,train,0,0.1087,0,1
499,train,0,0.0743,0,1
500,test,0,0.0207,0,1
501,train,0,0.0362,0,1
502,train,0,0.0060,0,1
503,test,0,0.0910,0,1
504,train,0,0.0360,0,1
505,train,0,0.0872,0,1
506,train,0,0.0377,0,1
507,train,0,0.0309,0,1
508,train,0,0.0336,0,1
509,train,0,0.0567,0,1
510,train,0,0.4086,0,1
511,test,0,0.1554,0,1
512,train,0,0.0336,0,1
513,test,0,0.1347,0,1
514,train,0,0.1524,0,1
515,train,0,0.0985,0,1
516,test,0,0.1540,0,1
517,train,0,0.4797,0,1
518,train,0,0.0226,0,1
519,train,0,0.0653,0,1
520,train,0,0.1174,0,1
521,train,0,0.1299,0,1
522,train,0,0.0334,0,1
523,train,0,0.0522,0,1
524,train,0,0.0909,0,1
525,test,0,0.1843,0,1
526,train,0,0.0018,0,1
527,train,0,0.0291,0,1
528,train,0,0.0083,0,1
529,train,0,0.1308,0,1
530,train,0,0.1220,0,1
531,train,0,0.0697,0,1
532,train,0,0.0168,0,1
533,train,0,0.0578,0,1
534,train,0,0.1345,0,1
535,train,0,0.1072,0,1
536,train,0,0.1861,0,1
537,train,0,0.1372,0,1
538,test,0,0.5419,0,1
539,train,0,0.0757,0,1
540,train,0,0.0267,0,1
541,test,0,0.0321,0,1
542,train,0,0.0224,0,1
543,train,0,0.3030,0,1
544,train,0,0.2183,0,1
545,train,0,0.0269,0,1
546,train,0,0.1948,0,1
547,test,0,0.9612,1,0
548,train,0,0.1220,0,1
549,train,0,0.0899,0,1
550,train,0,0.0343,0,1
551,test,0,0.0567,0,1
552,train,0,0.0583,0,1
553,train,0,0.0688,0,1
554,train,0,0.1292,0,1
555,train,0,0.1659,0,1
556,train,0,0.0027,0,1
557,train,0,0.0085,0,1
558,train,0,0.0946,0,1
559,train,0,0.0111,0,1
560,test,0,0.0726,0,1
561,train,0,0.1264,0,1
562,train,0,0.0748,0,1
563,test,0,0.1255,0,1
564,test,0,0.0102,0,1
565,train,0,0.0279,0,1
566,train,0,0.0090,0,1
567,train,0,0.0384,0,1
568,train,0,0.0070,0,1
569,train,0,0.2014,0,1
570,test,0,0.1321,0,1
571,train,0,0.1034,0,1
572,train,0,0.0358,0,1
573,train,0,0.0265,0,1
574,train,0,0.1264,0,1
575,test,0,0.3941,0,1
576,train,0,0.0027,0,1
577,train,0,0.0764,0,1
578,train,0,0.0336,0,1
579,train,0,0.0351,0,1
580,train,0,0.0520,0,1
581,test,0,0.0176,0,1
582,train,0,0.3515,0,1
583,train,0,0.0956,0,1
584,train,0,0.0126,0,1
585,train,0,0.0439,0,1
586,train,0,0.0663,0,1
587,test,0,0.0490,0,1
588,train,0,0.0017,0,1
589,train,0,0.0930,0,1
590,train,0,0.0111,0,1
591,train,0,0.0949,0,1
592,train,0,0.0112,0,1
593,train,0,0.0099,0,1
594,train,0,0.4797,0,1
595,train,0,0.1022,0,1
596,test,0,0.0193,0,1
597,train,0,0.1259,0,1
598,train,0,0.0084,0,1
599,train,0,0.0343,0,1
600,train,0,0.0247,0,1
601,test,0,0.3493,0,1
602,train,0,0.0083,0,1
603,train,0,0.0541,0,1
604,train,0,0.0370,0,1
605,train,0,0.0349,0,1
606,train,0,0.1723,0,1
607,test,0,0.2719,0,1
608,train,0,0.0316,0,1
609,test,0,0.0836,0,1
610,train,0,0.2570,0,1
611,train,0,0.0835,0,1
612,train,0,0.0384,0,1
613,train,0,0.0045,0,1
614,train,0,0.0351,0,1
615,train,0,0.1136,0,1
616,train,0,0.4051,0,1
617,test,0,0.0094,0,1
618,train,0,0.0339,0,1
619,train,0,0.0672,0,1
620,train,0,0.0493,0,1
621,train,0,0.0998,0,1
622,train,0,0.0378,0,1
623,train,0,0.0363,0,1
624,test,0,0.0331,0,1
625,train,0,0.0360,0,1
626,test,0,0.0267,0,1
627,train,0,0.0190,0,1
628,test,0,0.0743,0,1
629,train,0,0.0155,0,1
630,train,0,0.0283,0,1
631,train,0,0.0343,0,1
632,train,0,0.0018,0,1
633,train,0,0.0397,0,1
634,test,0,0.0344,0,1
635,train,0,0.0339,0,1
636,test,0,0.0352,0,1
637,train,0,0.0408,0,1
638,train,0,0.0223,0,1
639,train,0,0.0806,0,1
640,test,0,0.4205,0,1
641,test,0,0.0341,0,1
642,test,0,0.0826,0,1
643,train,0,0.0146,0,1
644,train,0,0.2573,0,1
645,train,0,0.1131,0,1
646,train,0,0.0339,0,1
647,test,0,0.0166,0,1
648,train,0,0.0233,0,1
649,test,0,0.0516,0,1
650,train,0,0.6078,0,1
651,train,0,0.0235,0,1
652,train,0,0.0585,0,1
653,test,0,0.0247,0,1
654,train,0,0.2573,0,1
655,train,0,0.0513,0,1
656,train,0,0.0680,0,1
657,test,0,0.1774,0,1
658,train,0,0.0427,0,1
659,test,0,0.0405,0,1
660,test,0,0.0344,0,1
661,train,0,0.0385,0,1
662,train,0,0.0090,0,1
663,train,0,0.0674,0,1
664,test,0,0.0265,0,1
665,train,0,0.0324,0,1
666,train,0,0.3124,0,1
667,train,0,0.0829,0,1
668,train,0,0.0330,0,1
669,train,0,0.1035,0,1
670,train,0,0.4379,0,1
671,train,0,0.3260,0,1
672,train,0,0.0128,0,1
673,train,0,0.0290,0,1
674,train,0,0.0465,0,1
675,train,0,0.0357,0,1
676,test,0,0.6304,0,1
677,train,0,0.3839,0,1
678,train,0,0.1873,0,1
679,train,0,0.1106,0,1
680,train,0,0.0568,0,1
681,train,0,0.1940,0,1
682,test,0,0.2212,0,1
683,train,0,0.1249,0,1
684,test,0,0.3051,0,1
685,test,0,0.0290,0,1
686,train,0,0.0275,0,1
687,train,0,0.0780,0,1
688,train,0,0.0259,0,1
689,train,0,0.1345,0,1
690,train,0,0.0099,0,1
691,train,0,0.0224,0,1
692,train,0,0.0928,0,1
693,train,0,0.0224,0,1
694,train,0,0.6574,0,1
695,train,0,0.0038,0,1
696,train,0,0.0344,0,1
697,train,0,0.0894,0,1
698,train,0,0.0375,0,1
699,test,0,0.5289,0,1
700,test,0,0.3815,0,1
701,train,0,0.0016,0,1
702,train,0,0.4561,0,1
703,test,0,0.0165,0,1
704,test,0,0.0022,0,1
705,train,0,0.0017,0,1
706,train,0,0.0048,0,1
707,train,0,0.0186,0,1
708,train,0,0.1360,0,1
709,train,0,0.0375,0,1
710,test,0,0.0855,0,1
711,train,0,0.0240,0,1
712,train,0,0.0361,0,1
713,train,0,0.0133,0,1
714,test,0,0.0340,0,1
715,train,0,0.0219,0,1
716,train,0,0.0314,0,1
717,train,0,0.0986,0,1
718,test,0,0.0027,0,1
719,train,0,0.1193,0,1
720,train,0,0.0182,0,1
721,train,0,0.0385,0,1
722,train,0,0.0334,0,1
723,train,0,0.0336,0,1
724,train,0,0.0135,0,1
725,train,0,0.0290,0,1
726,train,0,0.0986,0,1
727,train,0,0.0176,0,1
728,train,0,0.1056,0,1
729,test,0,0.3717,0,1
730,train,0,0.0925,0,1
731,train,0,0.0509,0,1
732,train,0,0.0134,0,1
733,test,0,0.1096,0,1
734,train,0,0.2297,0,1
735,train,0,0.1360,0,1
736,train,0,0.0029,0,1
737,train,0,0.0356,0,1
738,train,0,0.0375,0,1
739,train,0,0.0225,0,1
740,train,0,0.0465,0,1
741,test,0,0.0401,0,1
742,train,0,0.5754,0,1
743,train,0,0.3430,0,1
744,train,0,0.0290,0,1
745,train,0,0.3839,0,1
746,train,0,0.4753,0,1
747,train,0,0.0516,0,1
748,test,0,0.0930,0,1
749,train,0,0.3013,0,1
750,train,0,0.0567,0,1
751,test,0,0.0017,0,1
752,train,0,0.0022,0,1
753,train,0,0.0027,0,1
754,test,0,0.0823,0,1
755,train,0,0.1753,0,1
756,train,0,0.0578,0,1
757,train,0,0.1182,0,1
758,train,0,0.0042,0,1
759,train,0,0.0363,0,1
760,train,0,0.1066,0,1
761,train,0,0.0722,0,1
762,train,0,0.5451,0,1
763,train,0,0.0103,0,1
764,test,0,0.0513,0,1
765,train,0,0.0094,0,1
766,train,0,0.0583,0,1
767,test,0,0.0270,0,1
768,train,0,0.2573,0,1
769,train,0,0.0293,0,1
770,test,0,0.0090,0,1
771,train,0,0.0876,0,1
772,train,0,0.0114,0,1
773,train,0,0.1002,0,1
774,test,0,0.6082,0,1
775,train,0,0.0314,0,1
776,test,0,0.0080,0,1
777,train,0,0.0174,0,1
778,train,0,0.0090,0,1
779,train,0,0.0038,0,1
780,test,0,0.0837,0,1
781,train,0,0.0075,0,1
782,train,0,0.0022,0,1
783,train,0,0.0902,0,1
784,train,0,0.0083,0,1
785,test,0,0.0869,0,1
786,train,0,0.0994,0,1
787,train,0,0.2676,0,1
788,train,0,0.0963,0,1
789,train,0,0.0509,0,1
790,train,0,0.0858,0,1
791,train,0,0.0354,0,1
792,test,0,0.1126,0,1
793,train,0,0.0178,0,1
794,train,0,0.0309,0,1
795,train,0,0.1003,0,1
796,test,0,0.0899,0,1
797,train,0,0.0083,0,1
798,test,0,0.1106,0,1
799,train,0,0.1102,0,1
800,train,0,0.1189,0,1
801,train,0,0.0046,0,1
802,train,0,0.3357,0,1
803,train,0,0.0485,0,1
804,train,0,0.0333,0,1
805,test,0,0.0176,0,1
806,train,0,0.0476,0,1
807,train,0,0.0111,0,1
808,train,0,0.0360,0,1
809,train,0,0.0018,0,1
810,train,0,0.0933,0,1
811,train,0,0.0512,0,1
812,train,0,0.0804,0,1
813,train,0,0.0868,0,1
814,train,0,0.0285,0,1
815,train,0,0.0374,0,1
816,test,0,0.6273,0,1
817,train,0,0.1084,0,1
818,train,0,0.0225,0,1
819,train,0,0.0026,0,1
820,train,0,0.0022,0,1
821,train,0,0.0453,0,1
822,train,0,0.0342,0,1
823,train,0,0.1849,0,1
824,train,0,0.1561,0,1
825,train,0,0.0520,0,1
826,test,0,0.1291,0,1
827,train,0,0.1324,0,1
828,train,0,0.0355,0,1
829,test,0,0.4709,0,1
830,train,0,0.0920,0,1
831,test,0,0.0330,0,1
832,train,0,0.2223,0,1
833,train,0,0.0200,0,1
834,test,0,0.3815,0,1
835,train,0,0.3250,0,1
836,test,0,0.0123,0,1
837,train,0,0.0103,0,1
838,test,0,0.0477,0,1
839,train,0,0.0141,0,1
840,train,0,0.1394,0,1
841,train,0,0.0027,0,1
842,train,0,0.1003,0,1
843,train,0,0.1304,0,1
844,train,0,0.0047,0,1
845,train,0,0.0784,0,1
846,train,0,0.1321,0,1
847,train,0,0.1321,0,1
848,train,0,0.0169,0,1
849,train,0,0.0352,0,1
850,train,0,0.0334,0,1
851,test,0,0.0111,0,1
852,test,0,0.0123,0,1
853,train,0,0.0781,0,1
854,test,0,0.0344,0,1
855,test,0,0.0069,0,1
856,train,0,0.1559,0,1
857,train,0,0.0027,0,1
858,train,0,0.0831,0,1
859,train,0,0.0110,0,1
860,train,0,0.4051,0,1
861,test,0,0.0277,0,1
862,train,0,0.0551,0,1
863,train,0,0.0505,0,1
864,test,0,0.0348,0,1
865,train,0,0.0634,0,1
866,train,0,0.0476,0,1
867,train,0,0.1363,0,1
868,train,0,0.0017,0,1
869,train,0,0.0102,0,1
870,train,0,0.0667,0,1
871,test,0,0.0918,0,1
872,train,0,0.0314,0,1
873,test,0,0.0694,0,1
874,train,0,0.0845,0,1
875,train,0,0.3426,0,1
876,train,0,0.0323,0,1
877,test,0,0.0046,0,1
878,test,0,0.0334,0,1
879,test,0,0.4876,0,1
880,train,0,0.0018,0,1
881,test,0,0.3815,0,1
882,train,0,0.6798,0,1
883,train,0,0.0336,0,1
884,train,0,0.0303,0,1
885,test,0,0.2984,0,1
886,train,0,0.0247,0,1
887,train,0,0.0805,0,1
888,train,0,0.0331,0,1
889,train,0,0.0104,0,1
890,train,0,0.0342,0,1
891,train,0,0.0070,0,1
892,train,0,0.0566,0,1
893,train,0,0.0085,0,1
894,train,0,0.1009,0,1
895,test,0,0.0221,0,1
896,test,0,0.0360,0,1
897,test,0,0.2043,0,1
898,train,0,0.1359,0,1
899,train,0,0.0988,0,1
900,train,0,0.1954,0,1
901,train,0,0.0165,0,1
902,train,0,0.0022,0,1
903,train,0,0.0042,0,1
904,train,0,0.1259,0,1
905,train,0,0.0103,0,1
906,train,0,0.0882,0,1
907,train,0,0.0291,0,1
908,train,0,0.0284,0,1
909,train,0,0.7393,0,1
910,train,0,0.0340,0,1
911,train,0,0.0128,0,1
912,train,0,0.0174,0,1
913,train,0,0.0350,0,1
914,train,0,0.0321,0,1
915,train,0,0.0113,0,1
916,train,0,0.0299,0,1
917,train,0,0.0869,0,1
918,train,0,0.0027,0,1
919,train,0,0.0039,0,1
920,train,0,0.0124,0,1
921,test,0,0.0723,0,1
922,train,0,0.0088,0,1
923,train,0,0.0027,0,1
924,train,0,0.0269,0,1
925,train,0,0.0106,0,1
926,train,0,0.0386,0,1
927,train,0,0.0494,0,1
928,train,0,0.0453,0,1
929,train,0,0.0027,0,1
930,train,0,0.2726,0,1
931,train,0,0.0070,0,1
932,train,0,0.0844,0,1
933,train,0,0.3639,0,1
934,train,0,0.0079,0,1
935,train,0,0.0047,0,1
936,train,0,0.0355,0,1
937,train,0,0.0343,0,1
938,train,0,0.2548,0,1
939,train,0,0.0827,0,1
940,train,0,0.0357,0,1
941,train,0,0.0337,0,1
942,train,0,0.0090,0,1
943,train,0,0.0449,0,1
944,train,0,0.0303,0,1
945,train,0,0.0977,0,1
946,train,0,0.0553,0,1
947,train,0,0.0335,0,1
948,train,0,0.0683,0,1
949,train,0,0.1204,0,1
950,train,0,0.0418,0,1
951,train,0,0.0231,0,1
952,train,0,0.0331,0,1
953,train,0,0.0027,0,1
954,test,0,0.0330,0,1
955,test,0,0.0224,0,1
956,test,0,0.1517,0,1
957,test,0,0.2636,0,1
958,test,0,0.3839,0,1
959,train,0,0.0111,0,1
960,test,0,0.1298,0,1
961,test,0,0.1353,0,1
962,train,0,0.0106,0,1
963,train,0,0.0144,0,1
964,train,0,0.0831,0,1
965,train,0,0.0400,0,1
966,train,0,0.0089,0,1
967,train,0,0.0039,0,1
968,train,0,0.1123,0,1
969,train,0,0.0962,0,1
970,train,0,0.0360,0,1
971,train,0,0.0208,0,1
972,test,0,0.0080,0,1
973,test,0,0.2223,0,1
974,train,0,0.0352,0,1
975,train,0,0.0028,0,1
976,test,0,0.0117,0,1
977,train,0,0.0352,0,1
978,test,0,0.0352,0,1
979,train,0,0.0973,0,1
980,train,0,0.0996,0,1
981,test,0,0.0018,0,1
982,train,0,0.0479,0,1
983,train,0,0.0974,0,1
984,train,0,0.0288,0,1
985,train,0,0.0331,0,1
986,train,0,0.0274,0,1
987,train,0,0.1789,0,1
988,train,0,0.0344,0,1
989,train,0,0.3839,0,1
990,train,0,0.0282,0,1
991,train,0,0.0685,0,1
992,test,0,0.1324,0,1
993,test,0,0.1066,0,1
994,train,0,0.0454,0,1
995,train,0,0.0095,0,1
996,test,0,0.0209,0,1
997,test,0,0.0418,0,1
998,train,0,0.0522,0,1
999,train,0,0.0028,0,1
1000,train,0,0.2573,0,1
1001,train,0,0.2593,0,1
1002,train,0,0.0283,0,1
1003,train,0,0.0027,0,1
1004,train,0,0.0338,0,1
1005,train,0,0.0083,0,1
1006,train,0,0.0027,0,1
1007,train,0,0.0249,0,1
1008,train,0,0.6209,0,1
1009,test,0,0.1057,0,1
1010,train,0,0.1341,0,1
1011,train,0,0.0715,0,1
1012,train,0,0.0102,0,1
1013,test,0,0.0678,0,1
1014,train,0,0.0017,0,1
1015,train,0,0.0977,0,1
1016,test,0,0.1659,0,1
1017,test,0,0.0051,0,1
1018,train,0,0.2441,0,1
1019,train,0,0.0674,0,1
1020,train,0,0.0027,0,1
1021,test,0,0.0335,0,1
1022,test,0,0.2333,0,1
1023,train,0,0.3916,0,1
1024,train,0,0.0944,0,1
1025,train,0,0.1659,0,1
1026,train,0,0.0923,0,1
1027,train,0,0.1250,0,1
1028,train,0,0.0131,0,1
1029,test,0,0.3930,0,1
1030,train,0,0.0865,0,1
1031,train,0,0.1227,0,1
1032,train,0,0.0879,0,1
1033,train,0,0.0973,0,1
1034,train,0,0.0536,0,1
1035,train,0,0.1186,0,1
1036,train,0,0.0354,0,1
1037,train,0,0.0365,0,1
1038,train,0,0.0079,0,1
1039,test,0,0.1069,0,1
1040,train,0,0.0033,0,1
1041,train,0,0.0197,0,1
1042,train,0,0.3296,0,1
1043,train,0,0.0038,0,1
1044,train,0,0.0103,0,1
1045,train,0,0.0343,0,1
1046,test,0,0.1901,0,1
1047,train,0,0.0101,0,1
1048,train,0,0.0225,0,1
1049,train,0,0.0685,0,1
1050,train,0,0.0042,0,1
1051,train,0,0.0364,0,1
1052,test,0,0.1449,0,1
1053,train,0,0.0826,0,1
1054,train,0,0.0018,0,1
1055,train,0,0.0314,0,1
1056,train,0,0.0967,0,1
1057,train,0,0.2024,0,1
1058,train,0,0.0460,0,1
1059,train,0,0.0215,0,1
1060,test,0,0.0017,0,1
1061,test,0,0.0345,0,1
1062,train,0,0.0975,0,1
1063,test,0,0.5076,0,1
1064,train,0,0.0017,0,1
1065,train,0,0.0670,0,1
1066,test,0,0.0997,0,1
1067,test,0,0.0192,0,1
1068,train,0,0.0353,0,1
1069,train,0,0.0349,0,1
1070,test,0,0.0567,0,1
1071,train,0,0.0674,0,1
1072,train,0,0.0108,0,1
1073,train,0,0.0840,0,1
1074,train,0,0.1220,0,1
1075,train,0,0.4201,0,1
1076,train,0,0.0481,0,1
1077,test,0,0.0361,0,1
1078,test,0,0.4076,0,1
1079,train,0,0.0360,0,1
1080,train,0,0.0217,0,1
1081,train,0,0.0418,0,1
1082,test,0,0.0176,0,1
1083,test,0,0.0111,0,1
1084,train,0,0.0944,0,1
1085,train,0,0.0343,0,1
1086,train,0,0.1570,0,1
1087,train,0,0.1769,0,1
1088,train,0,0.0391,0,1
1089,train,0,0.0831,0,1
1090,train,0,0.0027,0,1
1091,train,0,0.0073,0,1
1092,train,0,0.1058,0,1
1093,test,0,0.0970,0,1
1094,train,0,0.1954,0,1
1095,train,0,0.0349,0,1
1096,test,0,0.0234,0,1
1097,train,0,0.0110,0,1
1098,train,0,0.0923,0,1
1099,train,0,0.0077,0,1
1100,train,0,0.0931,0,1
1101,train,0,0.1524,0,1
1102,train,0,0.0580,0,1
1103,train,0,0.0181,0,1
1104,train,0,0.1006,0,1
1105,train,0,0.0474,0,1
1106,train,0,0.1130,0,1
1107,train,0,0.1377,0,1
1108,train,0,0.0170,0,1
1109,train,0,0.0490,0,1
1110,train,0,0.1408,0,1
1111,train,0,0.0500,0,1
1112,train,0,0.0350,0,1
1113,train,0,0.0208,0,1
1114,train,0,0.2533,0,1
1115,train,0,0.4304,0,1
1116,test,0,0.2871,0,1
1117,train,0,0.1350,0,1
1118,train,0,0.2138,0,1
1119,train,0,0.0103,0,1
1120,test,0,0.0268,0,1
1121,train,0,0.0171,0,1
1122,train,0,0.0135,0,1
1123,test,0,0.0352,0,1
1124,train,0,0.0351,0,1
1125,train,0,0.1133,0,1
1126,train,0,0.0567,0,1
1127,test,0,0.0355,0,1
1128,train,0,0.5419,0,1
1129,train,0,0.0278,0,1
1130,test,0,0.4122,0,1
1131,test,0,0.0039,0,1
1132,train,0,0.0027,0,1
1133,train,0,0.0099,0,1
1134,train,0,0.2216,0,1
1135,train,0,0.0360,0,1
1136,train,0,0.0938,0,1
1137,test,0,0.0077,0,1
1138,train,0,0.0042,0,1
1139,train,0,0.0249,0,1
1140,test,0,0.0054,0,1
1141,train,0,0.0426,0,1
1142,test,0,0.1371,0,1
1143,train,0,0.0073,0,1
1144,train,0,0.0476,0,1
1145,train,0,0.0405,0,1
1146,train,0,0.1082,0,1
1147,train,0,0.4045,0,1
1148,test,0,0.0170,0,1
1149,test,0,0.3808,0,1
1150,train,0,0.0826,0,1
1151,test,0,0.0785,0,1
1152,train,0,0.0418,0,1
1153,test,0,0.0554,0,1
1154,test,0,0.0061,0,1
1155,test,0,0.0166,0,1
1156,test,0,0.1867,0,1
1157,test,0,0.0339,0,1
1158,train,0,0.1062,0,1
1159,test,0,0.0909,0,1
1160,train,0,0.7126,0,1
1161,train,0,0.0229,0,1
1162,train,0,0.3815,0,1
1163,test,0,0.0319,0,1
1164,train,0,0.1054,0,1
1165,train,0,0.0365,0,1
1166,train,0,0.0343,0,1
1167,test,0,0.0614,0,1
1168,test,0,0.0181,0,1
1169,train,0,0.0331,0,1
1170,train,0,0.0375,0,1
1171,train,0,0.0355,0,1
1172,train,0,0.1628,0,1
1173,train,0,0.0048,0,1
1174,train,0,0.0027,0,1
1175,train,0,0.0224,0,1
1176,train,0,0.0126,0,1
1177,train,0,0.1354,0,1
1178,train,0,0.0314,0,1
1179,train,0,0.3102,0,1
1180,train,0,0.0017,0,1
1181,test,0,0.0028,0,1
1182,train,0,0.1660,0,1
1183,train,0,0.0111,0,1
1184,test,0,0.0855,0,1
1185,test,0,0.0434,0,1
1186,train,0,0.0018,0,1
1187,train,0,0.0073,0,1
1188,train,0,0.0086,0,1
1189,train,0,0.7144,0,1
1190,train,0,0.0097,0,1
1191,train,0,0.1766,0,1
1192,test,0,0.0855,0,1
1193,train,0,0.0318,0,1
1194,train,0,0.0135,0,1
1195,train,0,0.0103,0,1
1196,train,0,0.0984,0,1
1197,train,0,0.0307,0,1
1198,test,0,0.0338,0,1
1199,train,0,0.0342,0,1
1200,train,0,0.0675,0,1
1201,train,0,0.0277,0,1
1202,train,0,0.0261,0,1
1203,train,0,0.1606,0,1
1204,train,0,0.0224,0,1
1205,train,0,0.1514,0,1
1206,test,0,0.0336,0,1
1207,train,0,0.1575,0,1
1208,train,0,0.0018,0,1
1209,train,0,0.2945,0,1
1210,test,0,0.0990,0,1
1211,train,0,0.0362,0,1
1212,train,0,0.0789,0,1
1213,test,0,0.1954,0,1
1214,train,0,0.0973,0,1
1215,train,0,0.1346,0,1
1216,test,0,0.2240,0,1
1217,train,0,0.0244,0,1
1218,test,0,0.0863,0,1
1219,test,0,0.0040,0,1
1220,test,0,0.0825,0,1
1221,train,0,0.0212,0,1
1222,train,0,0.0325,0,1
1223,train,0,0.1278,0,1
1224,train,0,0.0235,0,1
1225,train,0,0.0208,0,1
1226,train,0,0.0345,0,1
1227,train,0,0.0406,0,1
1228,test,0,0.0815,0,1
1229,train,0,0.0553,0,1
1230,train,0,0.3267,0,1
1231,train,0,0.0231,0,1
1232,train,0,0.6403,0,1
1233,train,0,0.0117,0,1
1234,train,0,0.0180,0,1
1235,train,0,0.0360,0,1
1236,train,0,0.0017,0,1
1237,train,0,0.0504,0,1
1238,train,0,0.0051,0,1
1239,test,0,0.1548,0,1
1240,train,0,0.0911,0,1
1241,train,0,0.0931,0,1
1242,train,0,0.0353,0,1
1243,train,0,0.0987,0,1
1244,test,0,0.2469,0,1
1245,train,0,0.0098,0,1
1246,train,0,0.0359,0,1
1247,train,0,0.2501,0,1
1248,train,0,0.0768,0,1
1249,train,0,0.1278,0,1
1250,train,0,0.0376,0,1
1251,train,0,0.0862,0,1
1252,train,0,0.2636,0,1
1253,train,0,0.1343,0,1
1254,train,0,0.0112,0,1
1255,train,0,0.1240,0,1
1256,train,0,0.0985,0,1
1257,train,0,0.0189,0,1
1258,test,0,0.0384,0,1
1259,train,0,0.0343,0,1
1260,train,0,0.0322,0,1
1261,train,0,0.0205,0,1
1262,train,0,0.1222,0,1
1263,train,0,0.0518,0,1
1264,train,0,0.0047,0,1
1265,train,0,0.2088,0,1
1266,train,0,0.1040,0,1
1267,train,0,0.0345,0,1
1268,test,0,0.2850,0,1
1269,train,0,0.0911,0,1
1270,train,0,0.0567,0,1
1271,train,0,0.0022,0,1
1272,train,0,0.0795,0,1
1273,train,0,0.0323,0,1
1274,train,0,0.0133,0,1
1275,train,0,0.0343,0,1
1276,test,0,0.1916,0,1
1277,train,0,0.0017,0,1
1278,train,0,0.7511,0,1
1279,train,0,0.0140,0,1
1280,train,0,0.0089,0,1
1281,train,0,0.0505,0,1
1282,train,0,0.0481,0,1
1283,test,0,0.6574,0,1
1284,train,0,0.0195,0,1
1285,train,0,0.0316,0,1
1286,train,0,0.3365,0,1
1287,train,0,0.1278,0,1
1288,train,0,0.2317,0,1
1289,train,0,0.4755,0,1
1290,train,0,0.0304,0,1
1291,train,0,0.6560,0,1
1292,test,0,0.0568,0,1
1293,train,0,0.0199,0,1
1294,train,0,0.1321,0,1
1295,test,0,0.6865,0,1
1296,train,0,0.0129,0,1
1297,test,0,0.0364,0,1
1298,test,0,0.0093,0,1
1299,train,0,0.1495,0,1
1300,train,0,0.0051,0,1
1301,test,0,0.0017,0,1
1302,train,0,0.0129,0,1
1303,train,0,0.0493,0,1
1304,train,0,0.0047,0,1
1305,train,0,0.0953,0,1
1306,train,0,0.0113,0,1
1307,test,0,0.0377,0,1
1308,train,0,0.0965,0,1
1309,train,0,0.0345,0,1
1310,train,0,0.0091,0,1
1311,train,0,0.0307,0,1
1312,train,0,0.0346,0,1
1313,test,0,0.0040,0,1
1314,train,0,0.0090,0,1
1315,train,0,0.0723,0,1
1316,train,0,0.0103,0,1
1317,train,0,0.2342,0,1
1318,train,0,0.0083,0,1
1319,train,0,0.1006,0,1
1320,train,0,0.0384,0,1
1321,train,0,0.0400,0,1
1322,train,0,0.0358,0,1
1323,train,0,0.0509,0,1
1324,train,0,0.0022,0,1
1325,test,0,0.0204,0,1
1326,train,0,0.1606,0,1
1327,train,0,0.0103,0,1
1328,test,0,0.0339,0,1
1329,train,0,0.0973,0,1
1330,train,0,0.0018,0,1
1331,train,0,0.5118,0,1
1332,train,0,0.0847,0,1
1333,train,0,0.0962,0,1
1334,train,0,0.0675,0,1
1335,train,0,0.0368,0,1
1336,train,0,0.0564,0,1
1337,train,0,0.0640,0,1
1338,train,0,0.0943,0,1
1339,train,0,0.0484,0,1
1340,train,0,0.0846,0,1
1341,train,0,0.0225,0,1
1342,train,0,0.0537,0,1
1343,train,0,0.2636,0,1
1344,train,0,0.0083,0,1
1345,train,0,0.0450,0,1
1346,train,0,0.1961,0,1
1347,test,0,0.0358,0,1
1348,train,0,0.0811,0,1
1349,test,0,0.0278,0,1
1350,train,0,0.0248,0,1
1351,train,0,0.0716,0,1
1352,train,0,0.0361,0,1
1353,train,0,0.0089,0,1
1354,train,0,0.0153,0,1
1355,test,0,0.0103,0,1
1356,train,0,0.0352,0,1
1357,train,0,0.1829,0,1
1358,train,0,0.0829,0,1
1359,train,0,0.0221,0,1
1360,train,0,0.0018,0,1
1361,train,0,0.1421,0,1
1362,train,0,0.0343,0,1
1363,train,0,0.0078,0,1
1364,test,0,0.2093,0,1
1365,train,0,0.0191,0,1
1366,test,0,0.1644,0,1
1367,train,0,0.1294,0,1
1368,test,0,0.1121,0,1
1369,train,0,0.1860,0,1
1370,test,0,0.1451,0,1
1371,train,0,0.3415,0,1
1372,train,0,0.0139,0,1
1373,train,0,0.0239,0,1
1374,train,0,0.0687,0,1
1375,train,0,0.0203,0,1
1376,train,0,0.0080,0,1
1377,train,0,0.0490,0,1
1378,train,0,0.0493,0,1
1379,train,0,0.1003,0,1
1380,train,0,0.0391,0,1
1381,train,0,0.0313,0,1
1382,train,0,0.0017,0,1
1383,train,0,0.0330,0,1
1384,train,0,0.0209,0,1
1385,test,0,0.6449,0,1
1386,train,0,0.0667,0,1
1387,train,0,0.0278,0,1
1388,train,0,0.0018,0,1
1389,test,0,0.1195,0,1
1390,train,0,0.0419,0,1
1391,test,0,0.0418,0,1
1392,train,0,0.2327,0,1
1393,train,0,0.0661,0,1
1394,train,0,0.0027,0,1
1395,train,0,0.0232,0,1
1396,train,0,0.0958,0,1
1397,train,0,0.0018,0,1
1398,train,0,0.2918,0,1
1399,train,0,0.0349,0,1
1400,train,0,0.0112,0,1
1401,test,0,0.0575,0,1
1402,train,0,0.0042,0,1
1403,train,0,0.0930,0,1
1404,train,0,0.3620,0,1
1405,train,0,0.1376,0,1
1406,train,0,0.0111,0,1
1407,train,0,0.0098,0,1
1408,train,0,0.2684,0,1
1409,test,0,0.0017,0,1
1410,test,0,0.0213,0,1
1411,train,0,0.0336,0,1
1412,train,0,0.1944,0,1
1413,train,0,0.0110,0,1
1414,train,0,0.0295,0,1
1415,train,0,0.0700,0,1
1416,test,0,0.0017,0,1
1417,test,0,0.0363,0,1
1418,train,0,0.0388,0,1
1419,train,0,0.0027,0,1
1420,train,0,0.0379,0,1
1421,train,0,0.0553,0,1
1422,train,0,0.1249,0,1
1423,train,0,0.3673,0,1
1424,train,0,0.0382,0,1
1425,train,0,0.0955,0,1
1426,train,0,0.0965,0,1
1427,train,0,0.2436,0,1
1428,train,0,0.1003,0,1
1429,train,0,0.0027,0,1
1430,train,0,0.0799,0,1
1431,train,0,0.0311,0,1
1432,train,0,0.0232,0,1
1433,train,0,0.0254,0,1
1434,train,0,0.0364,0,1
1435,test,0,0.1787,0,1
1436,train,0,0.0362,0,1
1437,train,0,0.0017,0,1
1438,train,0,0.0225,0,1
1439,test,0,0.0322,0,1
1440,test,0,0.0054,0,1
1441,test,0,0.0599,0,1
1442,train,0,0.0315,0,1
1443,train,0,0.0876,0,1
1444,test,0,0.2572,0,1
1445,train,0,0.0407,0,1
1446,test,0,0.0826,0,1
1447,train,0,0.0702,0,1
1448,train,0,0.0776,0,1
1449,train,0,0.0617,0,1
1450,train,0,0.0280,0,1
1451,train,0,0.0555,0,1
1452,train,0,0.0032,0,1
1453,train,0,0.3154,0,1
1454,train,0,0.0335,0,1
1455,train,0,0.0140,0,1
1456,train,0,0.0221,0,1
1457,train,0,0.1106,0,1
1458,train,0,0.0468,0,1
1459,train,0,0.1724,0,1
1460,train,0,0.0216,0,1
1461,train,0,0.0303,0,1
1462,train,0,0.0103,0,1
1463,train,0,0.0032,0,1
1464,train,0,0.0040,0,1
1465,train,0,0.0091,0,1
1466,train,0,0.0344,0,1
1467,train,0,0.0357,0,1
1468,train,0,0.0217,0,1
1469,train,0,0.0491,0,1
1470,train,0,0.0101,0,1
1471,test,0,0.0187,0,1
1472,train,0,0.0345,0,1
1473,train,0,0.0501,0,1
1474,train,0,0.1165,0,1
1475,train,0,0.1217,0,1
1476,train,0,0.1961,0,1
1477,train,0,0.0743,0,1
1478,train,0,0.2607,0,1
1479,test,0,0.0189,0,1
1480,test,0,0.0221,0,1
1481,train,0,0.0994,0,1
1482,train,0,0.6791,0,1
1483,test,0,0.0323,0,1
1484,train,0,0.1205,0,1
1485,test,0,0.0984,0,1
1486,test,0,0.3120,0,1
1487,train,0,0.0378,0,1
1488,train,0,0.0344,0,1
1489,train,0,0.0077,0,1
1490,train,0,0.2135,0,1
1491,train,0,0.0370,0,1
1492,train,0,0.2684,0,1
1493,test,0,0.1353,0,1
1494,train,0,0.0977,0,1
1495,train,0,0.0055,0,1
1496,test,0,0.1816,0,1
1497,test,0,0.0355,0,1
1498,train,0,0.0819,0,1
1499,train,0,0.0181,0,1
1500,train,0,0.4538,0,1
1501,test,0,0.2180,0,1
1502,train,0,0.0341,0,1
1503,train,0,0.0110,0,1
1504,train,0,0.0899,0,1
1505,test,0,0.0997,0,1
1506,train,0,0.0451,0,1
1507,train,0,0.0722,0,1
1508,train,0,0.0138,0,1
1509,train,0,0.0167,0,1
1510,train,0,0.0043,0,1
1511,train,0,0.0331,0,1
1512,train,0,0.0244,0,1
1513,train,0,0.0513,0,1
1514,train,0,0.1027,0,1
1515,train,0,0.0319,0,1
1516,test,0,0.0249,0,1
1517,test,0,0.0360,0,1
1518,train,0,0.0090,0,1
1519,train,0,0.3305,0,1
1520,test,0,0.0017,0,1
1521,test,0,0.0078,0,1
1522,train,0,0.0357,0,1
1523,test,0,0.0986,0,1
1524,train,0,0.0339,0,1
1525,train,0,0.0997,0,1
1526,train,0,0.1165,0,1
1527,train,0,0.0017,0,1
1528,test,0,0.0851,0,1
1529,test,0,0.1363,0,1
1530,test,0,0.0087,0,1
1531,train,0,0.0951,0,1
1532,train,0,0.0733,0,1
1533,train,0,0.0266,0,1
1534,train,0,0.0264,0,1
1535,test,0,0.0375,0,1
1536,train,0,0.0679,0,1
1537,train,0,0.0688,0,1
1538,train,0,0.0279,0,1
1539,train,0,0.4819,0,1
1540,train,0,0.0095,0,1
1541,test,0,0.0029,0,1
1542,train,0,0.0283,0,1
1543,test,0,0.0923,0,1
1544,train,0,0.0361,0,1
1545,train,0,0.2453,0,1
1546,train,0,0.3013,0,1
1547,train,0,0.0510,0,1
1548,train,0,0.5643,0,1
1549,test,0,0.0381,0,1
1550,train,0,0.0170,0,1
1551,train,0,0.0629,0,1
1552,train,0,0.0401,0,1
1553,train,0,0.0405,0,1
1554,train,0,0.0677,0,1
1555,train,0,0.3154,0,1
1556,train,0,0.1304,0,1
1557,train,0,0.0317,0,1
1558,train,0,0.0931,0,1
1559,train,0,0.1052,0,1
1560,train,0,0.2240,0,1
1561,train,0,0.0352,0,1
1562,train,0,0.0388,0,1
1563,train,0,0.0436,0,1
1564,train,0,0.2519,0,1
1565,train,0,0.0575,0,1
1566,train,0,0.0027,0,1
1567,train,0,0.0077,0,1
1568,train,0,0.0104,0,1
1569,test,0,0.0404,0,1
1570,train,0,0.0343,0,1
1571,test,0,0.0224,0,1
1572,test,0,0.0182,0,1
1573,train,0,0.0275,0,1
1574,train,0,0.0091,0,1
1575,train,0,0.0212,0,1
1576,train,0,0.0519,0,1
1577,train,0,0.0313,0,1
1578,train,0,0.0986,0,1
1579,train,0,0.0364,0,1
1580,test,0,0.1006,0,1
1581,train,0,0.0577,0,1
1582,train,0,0.1096,0,1
1583,train,0,0.0344,0,1
1584,train,0,0.2240,0,1
1585,train,0,0.0353,0,1
1586,test,0,0.1060,0,1
1587,train,0,0.0325,0,1
1588,train,0,0.1263,0,1
1589,train,0,0.3620,0,1
1590,test,0,0.7393,0,1
1591,train,0,0.0027,0,1
1592,train,0,0.0878,0,1
1593,train,0,0.0095,0,1
1594,train,0,0.0220,0,1
1595,train,0,0.1130,0,1
1596,test,0,0.0379,0,1
1597,train,0,0.0818,0,1
1598,test,0,0.0826,0,1
1599,train,0,0.0336,0,1
1600,train,0,0.0020,0,1
1601,train,0,0.0740,0,1
1602,train,0,0.0103,0,1
1603,train,0,0.1304,0,1
1604,test,0,0.0282,0,1
1605,train,0,0.1460,0,1
1606,train,0,0.2064,0,1
1607,train,0,0.0017,0,1
1608,train,0,0.1371,0,1
1609,train,0,0.0322,0,1
1610,train,0,0.1631,0,1
1611,train,0,0.0017,0,1
1612,train,0,0.0468,0,1
1613,train,0,0.0632,0,1
1614,train,0,0.1165,0,1
1615,train,0,0.0556,0,1
1616,train,0,0.3154,0,1
1617,train,0,0.0418,0,1
1618,train,0,0.3033,0,1
1619,train,0,0.0357,0,1
1620,train,0,0.0409,0,1
1621,train,0,0.0466,0,1
1622,train,0,0.0026,0,1
1623,train,0,0.0143,0,1
1624,train,0,0.0073,0,1
1625,train,0,0.0321,0,1
1626,test,0,0.0449,0,1
1627,train,0,0.0294,0,1
1628,train,0,0.1873,0,1
1629,train,0,0.6574,0,1
1630,train,0,0.4569,0,1
1631,test,0,0.0024,0,1
1632,test,0,0.0984,0,1
1633,train,0,0.0164,0,1
1634,train,0,0.0496,0,1
1635,test,0,0.1321,0,1
1636,test,0,0.0350,0,1
1637,test,0,0.0638,0,1
1638,train,0,0.0179,0,1
1639,test,0,0.0107,0,1
1640,train,0,0.1115,0,1
1641,train,0,0.0099,0,1
1642,train,0,0.0088,0,1
1643,train,0,0.0075,0,1
1644,test,0,0.0203,0,1
1645,train,0,0.0340,0,1
1646,train,0,0.0574,0,1
1647,train,0,0.0305,0,1
1648,train,0,0.1419,0,1
1649,test,0,0.0961,0,1
1650,test,0,0.0368,0,1
1651,train,0,0.0017,0,1
1652,train,0,0.0352,0,1
1653,train,0,0.0920,0,1
1654,train,0,0.0039,0,1
1655,train,0,0.4379,0,1
1656,train,0,0.0106,0,1
1657,train,0,0.0277,0,1
1658,train,0,0.0973,0,1
1659,train,0,0.0767,0,1
1660,train,0,0.0528,0,1
1661,train,0,0.5573,0,1
1662,test,0,0.0314,0,1
1663,train,0,0.1216,0,1
1664,test,0,0.0599,0,1
1665,test,0,0.0225,0,1
1666,train,0,0.0096,0,1
1667,train,0,0.0027,0,1
1668,train,0,0.0132,0,1
1669,train,0,0.0340,0,1
1670,train,0,0.0038,0,1
1671,train,0,0.0336,0,1
1672,train,0,0.1042,0,1
1673,train,0,0.0016,0,1
1674,train,0,0.1345,0,1
1675,train,0,0.0221,0,1
1676,train,0,0.0500,0,1
1677,test,0,0.3453,0,1
1678,train,0,0.0356,0,1
1679,test,0,0.0176,0,1
1680,test,0,0.3928,0,1
1681,test,0,0.0410,0,1
1682,train,0,0.0154,0,1
1683,test,0,0.0210,0,1
1684,test,0,0.1354,0,1
1685,train,0,0.5606,0,1
1686,test,0,0.0043,0,1
1687,test,0,0.2724,0,1
1688,test,0,0.0313,0,1
1689,train,0,0.0685,0,1
1690,train,0,0.5573,0,1
1691,train,0,0.0797,0,1
1692,train,0,0.0343,0,1
1693,train,0,0.0545,0,1
1694,test,0,0.1540,0,1
1695,train,0,0.0376,0,1
1696,test,0,0.1003,0,1
1697,test,0,0.0018,0,1
1698,train,0,0.0018,0,1
1699,test,0,0.0891,0,1
1700,train,0,0.0197,0,1
1701,train,0,0.0027,0,1
1702,train,0,0.1682,0,1
1703,train,0,0.0676,0,1
1704,train,0,0.0312,0,1
1705,test,0,0.4726,0,1
1706,test,0,0.1248,0,1
1707,train,0,0.0675,0,1
1708,test,0,0.0113,0,1
1709,train,0,0.3547,0,1
1710,train,0,0.3572,0,1
1711,train,0,0.0141,0,1
1712,train,0,0.0513,0,1
1713,train,0,0.0028,0,1
1714,train,0,0.0766,0,1
1715,train,0,0.0781,0,1
1716,test,0,0.0513,0,1
1717,train,0,0.0912,0,1
1718,train,0,0.0496,0,1
1719,train,0,0.0022,0,1
1720,train,0,0.0103,0,1
1721,train,0,0.3335,0,1
1722,train,0,0.2538,0,1
1723,test,0,0.0493,0,1
1724,train,0,0.0956,0,1
1725,train,0,0.0111,0,1
1726,train,0,0.0583,0,1
1727,train,0,0.0334,0,1
1728,train,0,0.3176,0,1
1729,train,0,0.0380,0,1
1730,train,0,0.0308,0,1
1731,train,0,0.0444,0,1
1732,train,0,0.0017,0,1
1733,train,0,0.0336,0,1
1734,test,0,0.0123,0,1
1735,test,0,0.0629,0,1
1736,train,0,0.0364,0,1
1737,train,0,0.3479,0,1
1738,train,0,0.0572,0,1
1739,train,0,0.0342,0,1
1740,train,0,0.0201,0,1
1741,train,0,0.0040,0,1
1742,train,0,0.0648,0,1
1743,train,0,0.1223,0,1
1744,train,0,0.0947,0,1
1745,train,0,0.0027,0,1
1746,train,0,0.2097,0,1
1747,train,0,0.0017,0,1
1748,train,0,0.0018,0,1
1749,train,0,0.0136,0,1
1750,train,0,0.0189,0,1
1751,train,0,0.0082,0,1
1752,test,0,0.0380,0,1
1753,train,0,0.0975,0,1
1754,train,0,0.1535,0,1
1755,train,0,0.0494,0,1
1756,train,0,0.2093,0,1
1757,train,0,0.0375,0,1
1758,test,0,0.0018,0,1
1759,test,0,0.0126,0,1
1760,test,0,0.1753,0,1
1761,train,0,0.0501,0,1
1762,train,0,0.0988,0,1
1763,train,0,0.0018,0,1
1764,train,0,0.0018,0,1
1765,train,0,0.0352,0,1
1766,train,0,0.0289,0,1
1767,train,0,0.0097,0,1
1768,train,0,0.0517,0,1
1769,test,0,0.1265,0,1
1770,train,0,0.0238,0,1
1771,train,0,0.1153,0,1
1772,train,0,0.0412,0,1
1773,train,0,0.0967,0,1
1774,test,0,0.5533,0,1
1775,train,0,0.0324,0,1
1776,train,0,0.1365,0,1
1777,train,0,0.0936,0,1
1778,train,0,0.0623,0,1
1779,train,0,0.0683,0,1
1780,train,0,0.3546,0,1
1781,train,0,0.0027,0,1
1782,test,0,0.0111,0,1
1783,test,0,0.3839,0,1
1784,train,0,0.0672,0,1
1785,train,0,0.2351,0,1
1786,test,0,0.1715,0,1
1787,train,0,0.0689,0,1
1788,test,0,0.1249,0,1
1789,train,0,0.0255,0,1
1790,train,0,0.1200,0,1
1791,train,0,0.0358,0,1
1792,train,0,0.0208,0,1
1793,train,0,0.1443,0,1
1794,train,0,0.0384,0,1
1795,test,0,0.0128,0,1
1796,train,0,0.0410,0,1
1797,test,0,0.0018,0,1
1798,train,0,0.3415,0,1
1799,train,0,0.0380,0,1
1800,test,0,0.0143,0,1
1801,train,0,0.0126,0,1
1802,train,0,0.0323,0,1
1803,test,0,0.0111,0,1
1804,train,0,0.0054,0,1
1805,train,0,0.0330,0,1
1806,train,0,0.1817,0,1
1807,test,0,0.0438,0,1
1808,train,0,0.0390,0,1
1809,train,0,0.0106,0,1
1810,train,0,0.0885,0,1
1811,test,0,0.1026,0,1
1812,train,0,0.0027,0,1
1813,train,0,0.0355,0,1
1814,train,0,0.0367,0,1
1815,train,0,0.0520,0,1
1816,train,0,0.0018,0,1
1817,test,0,0.0091,0,1
1818,train,0,0.0152,0,1
1819,train,0,0.0165,0,1
1820,test,0,0.0381,0,1
1821,train,0,0.1641,0,1
1822,test,0,0.0517,0,1
1823,train,0,0.0963,0,1
1824,test,0,0.0872,0,1
1825,train,0,0.0387,0,1
1826,train,0,0.3335,0,1
1827,train,0,0.0168,0,1
1828,test,0,0.1975,0,1
1829,train,0,0.0349,0,1
1830,train,0,0.6236,0,1
1831,train,0,0.1420,0,1
1832,train,0,0.0973,0,1
1833,train,0,0.1254,0,1
1834,train,0,0.1875,0,1
1835,train,0,0.0027,0,1
1836,train,0,0.0231,0,1
1837,train,0,0.0370,0,1
1838,train,0,0.0275,0,1
1839,train,0,0.0930,0,1
1840,train,0,0.0369,0,1
1841,train,0,0.2323,0,1
1842,test,0,0.0899,0,1
1843,train,0,0.0349,0,1
1844,test,0,0.0498,0,1
1845,train,0,0.0174,0,1
1846,train,0,0.2287,0,1
1847,train,0,0.0954,0,1
1848,train,0,0.0242,0,1
1849,train,0,0.3415,0,1
1850,train,0,0.0017,0,1
1851,train,0,0.0149,0,1
1852,train,0,0.0235,0,1
1853,train,0,0.3432,0,1
1854,test,0,0.0017,0,1
1855,train,0,0.0352,0,1
1856,train,0,0.1018,0,1
1857,test,0,0.2352,0,1
1858,train,0,0.0493,0,1
1859,train,0,0.0203,0,1
1860,train,0,0.0339,0,1
1861,train,0,0.0211,0,1
1862,train,0,0.0347,0,1
1863,train,0,0.0029,0,1
1864,test,0,0.0131,0,1
1865,train,0,0.0897,0,1
1866,train,0,0.0272,0,1
1867,train,0,0.1255,0,1
1868,train,0,0.1145,0,1
1869,train,0,0.0017,0,1
1870,train,0,0.0490,0,1
1871,train,0,0.0161,0,1
1872,train,0,0.4735,0,1
1873,train,0,0.0344,0,1
1874,train,0,0.0114,0,1
1875,train,0,0.0376,0,1
1876,train,0,0.0022,0,1
1877,train,0,0.0831,0,1
1878,train,0,0.0230,0,1
1879,train,0,0.1260,0,1
1880,train,0,0.0322,0,1
1881,train,0,0.0102,0,1
1882,test,0,0.0181,0,1
1883,train,0,0.0331,0,1
1884,train,0,0.0568,0,1
1885,test,0,0.0090,0,1
1886,train,0,0.0343,0,1
1887,train,0,0.0080,0,1
1888,train,0,0.0090,0,1
1889,train,0,0.0166,0,1
1890,train,0,0.0313,0,1
1891,test,0,0.0866,0,1
1892,train,0,0.0412,0,1
1893,test,0,0.0346,0,1
1894,train,0,0.0095,0,1
1895,train,0,0.6574,0,1
1896,test,0,0.1231,0,1
1897,train,0,0.0455,0,1
1898,train,0,0.0047,0,1
1899,train,0,0.0027,0,1
1900,test,0,0.0018,0,1
1901,train,0,0.0165,0,1
1902,train,0,0.1056,0,1
1903,train,0,0.0459,0,1
1904,test,0,0.0365,0,1
1905,train,0,0.0566,0,1
1906,train,0,0.3958,0,1
1907,test,0,0.1003,0,1
1908,train,0,0.0088,0,1
1909,train,0,0.3916,0,1
1910,train,0,0.1003,0,1
1911,train,0,0.0090,0,1
1912,train,0,0.0136,0,1
1913,train,0,0.0265,0,1
1914,train,0,0.0599,0,1
1915,train,0,0.0217,0,1
1916,train,0,0.3335,0,1
1917,train,0,0.0474,0,1
1918,train,0,0.9482,1,0
1919,train,0,0.0335,0,1
1920,test,0,0.0909,0,1
1921,train,0,0.0308,0,1
1922,train,0,0.0018,0,1
1923,train,0,0.0206,0,1
1924,test,0,0.0583,0,1
1925,train,0,0.1764,0,1
1926,train,0,0.0023,0,1
1927,train,0,0.1039,0,1
1928,train,0,0.1096,0,1
1929,train,0,0.1495,0,1
1930,train,0,0.0572,0,1
1931,test,0,0.0920,0,1
1932,test,0,0.0111,0,1
1933,train,0,0.0199,0,1
1934,train,0,0.0059,0,1
1935,train,0,0.0506,0,1
1936,train,0,0.0276,0,1
1937,train,0,0.0733,0,1
1938,train,0,0.0865,0,1
1939,train,0,0.0504,0,1
1940,train,0,0.0484,0,1
1941,train,0,0.2333,0,1
1942,train,0,0.0083,0,1
1943,train,0,0.8835,1,0
1944,train,0,0.0157,0,1
1945,train,0,0.2401,0,1
1946,train,0,0.1721,0,1
1947,train,0,0.1944,0,1
1948,train,0,0.2223,0,1
1949,train,0,0.0872,0,1
1950,train,0,0.1195,0,1
1951,train,0,0.0815,0,1
1952,train,0,0.0513,0,1
1953,train,0,0.0017,0,1
1954,train,0,0.0384,0,1
1955,train,0,0.6209,0,1
1956,test,0,0.0018,0,1
1957,train,0,0.0583,0,1
1958,train,0,0.0768,0,1
1959,test,0,0.1478,0,1
1960,test,0,0.0444,0,1
1961,train,0,0.2871,0,1
1962,train,0,0.0205,0,1
1963,train,0,0.1249,0,1
1964,train,0,0.2359,0,1
1965,train,0,0.2636,0,1
1966,train,0,0.1324,0,1
1967,train,0,0.0239,0,1
1968,train,0,0.0027,0,1
1969,train,0,0.0408,0,1
1970,test,0,0.0881,0,1
1971,train,0,0.4726,0,1
1972,train,0,0.0164,0,1
1973,train,0,0.1006,0,1
1974,train,0,0.0112,0,1
1975,test,0,0.0678,0,1
1976,train,0,0.1366,0,1
1977,train,0,0.3916,0,1
1978,train,0,0.0221,0,1
1979,train,0,0.0181,0,1
1980,train,0,0.5573,0,1
1981,train,0,0.3815,0,1
1982,test,0,0.0722,0,1
1983,test,0,0.0444,0,1
1984,train,0,0.1654,0,1
1985,train,0,0.1249,0,1
1986,train,0,0.0252,0,1
1987,test,0,0.0291,0,1
1988,train,0,0.0352,0,1
1989,train,0,0.0575,0,1
1990,train,0,0.0225,0,1
1991,train,0,0.0110,0,1
1992,train,0,0.3296,0,1
1993,train,0,0.0216,0,1
1994,train,0,0.0315,0,1
1995,train,0,0.1715,0,1
1996,train,0,0.0336,0,1
1997,test,0,0.1954,0,1
1998,train,0,0.0080,0,1
1999,test,0,0.2088,0,1
2000,train,0,0.0372,0,1
2001,train,0,0.1810,0,1
2002,train,0,0.1961,0,1
2003,train,0,0.0341,0,1
2004,train,0,0.0641,0,1
2005,train,0,0.0027,0,1
2006,train,0,0.0348,0,1
2007,test,0,0.0343,0,1
2008,train,0,0.0832,0,1
2009,train,0,0.0943,0,1
2010,train,0,0.3169,0,1
2011,train,0,0.0344,0,1
2012,train,0,0.0672,0,1
2013,train,0,0.0335,0,1
2014,train,0,0.0121,0,1
2015,train,0,0.0961,0,1
2016,train,0,0.0959,0,1
2017,train,0,0.0261,0,1
2018,train,0,0.5826,0,1
2019,train,0,0.0355,0,1
2020,train,0,0.0349,0,1
2021,train,0,0.1036,0,1
2022,train,0,0.0047,0,1
2023,train,0,0.0106,0,1
2024,train,0,0.0855,0,1
2025,train,0,0.1136,0,1
2026,train,0,0.0278,0,1
2027,train,0,0.1291,0,1
2028,test,0,0.0440,0,1
2029,train,0,0.0364,0,1
2030,train,0,0.0323,0,1
2031,train,0,0.2354,0,1
2032,train,0,0.0022,0,1
2033,train,0,0.0111,0,1
2034,train,0,0.0658,0,1
2035,train,0,0.0344,0,1
2036,train,0,0.0303,0,1
2037,train,0,0.0400,0,1
2038,train,0,0.0609,0,1
2039,test,0,0.0181,0,1
2040,train,0,0.0678,0,1
2041,train,0,0.0375,0,1
2042,test,0,0.0335,0,1
2043,train,0,0.0767,0,1
2044,train,0,0.3565,0,1
2045,train,0,0.0027,0,1
2046,train,0,0.0781,0,1
2047,train,0,0.0358,0,1
2048,test,0,0.0370,0,1
2049,train,0,0.0568,0,1
2050,test,0,0.3267,0,1
2051,train,0,0.1659,0,1
2052,train,0,0.0350,0,1
2053,train,0,0.1434,0,1
2054,train,0,0.0680,0,1
2055,train,0,0.0516,0,1
2056,train,0,0.0637,0,1
2057,test,0,0.2490,0,1
2058,train,0,0.0395,0,1
2059,train,0,0.0018,0,1
2060,train,0,0.0377,0,1
2061,train,0,0.3565,0,1
2062,test,0,0.0124,0,1
2063,test,0,0.0669,0,1
2064,train,0,0.2597,0,1
2065,train,0,0.1386,0,1
2066,test,0,0.2719,0,1
2067,train,0,0.0017,0,1
2068,train,0,0.0263,0,1
2069,test,0,0.2618,0,1
2070,train,0,0.0479,0,1
2071,test,0,0.0447,0,1
2072,train,0,0.0453,0,1
2073,train,0,0.0985,0,1
2074,train,0,0.3331,0,1
2075,test,0,0.1026,0,1
2076,train,0,0.5188,0,1
2077,test,0,0.1102,0,1
2078,train,0,0.1975,0,1
2079,train,0,0.0027,0,1
2080,train,0,0.1170,0,1
2081,train,0,0.0358,0,1
2082,train,0,0.0400,0,1
2083,test,0,0.0473,0,1
2084,train,0,0.0027,0,1
2085,train,0,0.0718,0,1
2086,test,0,0.0144,0,1
2087,train,0,0.0111,0,1
2088,train,0,0.4797,0,1
2089,test,0,0.0338,0,1
2090,train,0,0.0086,0,1
2091,train,0,0.0225,0,1
2092,train,0,0.2183,0,1
2093,train,0,0.0103,0,1
2094,train,0,0.0050,0,1
2095,train,0,0.0568,0,1
2096,train,0,0.0622,0,1
2097,train,0,0.3267,0,1
2098,train,0,0.0080,0,1
2099,train,0,0.6304,0,1
2100,train,0,0.3195,0,1
2101,train,0,0.0104,0,1
2102,test,0,0.0440,0,1
2103,train,0,0.0455,0,1
2104,train,0,0.0231,0,1
2105,train,0,0.0125,0,1
2106,train,0,0.0505,0,1
2107,train,0,0.1354,0,1
2108,train,0,0.1980,0,1
2109,train,0,0.0103,0,1
2110,test,0,0.1204,0,1
2111,train,0,0.0831,0,1
2112,train,0,0.0899,0,1
2113,train,0,0.0168,0,1
2114,train,0,0.0077,0,1
2115,train,0,0.2469,0,1
2116,train,0,0.0255,0,1
2117,train,0,0.0919,0,1
2118,train,0,0.0346,0,1
2119,train,0,0.5573,0,1
2120,train,0,0.0104,0,1
2121,train,0,0.0439,0,1
2122,train,0,0.0114,0,1
2123,train,0,0.0410,0,1
2124,train,0,0.6037,0,1
2125,train,0,0.2093,0,1
2126,train,0,0.0028,0,1
2127,train,0,0.0965,0,1
2128,train,0,0.0842,0,1
2129,train,0,0.1334,0,1
2130,train,0,0.0078,0,1
2131,train,0,0.0312,0,1
2132,train,0,0.1457,0,1
2133,train,0,0.0111,0,1
2134,train,0,0.0224,0,1
2135,train,0,0.0103,0,1
2136,test,0,0.0358,0,1
2137,train,0,0.0448,0,1
2138,train,0,0.0040,0,1
2139,train,0,0.0221,0,1
2140,test,0,0.5573,0,1
2141,train,0,0.2704,0,1
2142,test,0,0.0133,0,1
2143,train,0,0.3013,0,1
2144,test,0,0.1681,0,1
2145,train,0,0.0253,0,1
2146,train,0,0.0823,0,1
2147,test,0,0.0339,0,1
2148,train,0,0.1787,0,1
2149,train,0,0.0355,0,1
2150,train,0,0.0059,0,1
2151,train,0,0.0022,0,1
2152,train,0,0.0198,0,1
2153,train,0,0.0391,0,1
2154,train,0,0.0335,0,1
2155,train,0,0.0381,0,1
2156,train,0,0.0819,0,1
2157,test,0,0.0831,0,1
2158,train,0,0.0963,0,1
2159,train,0,0.2088,0,1
2160,train,0,0.1516,0,1
2161,test,0,0.0983,0,1
2162,train,0,0.3552,0,1
2163,train,0,0.0357,0,1
2164,train,0,0.0110,0,1
2165,train,0,0.0294,0,1
2166,train,0,0.1724,0,1
2167,train,0,0.0022,0,1
2168,train,0,0.0943,0,1
2169,train,0,0.0587,0,1
2170,test,0,0.6798,0,1
2171,train,0,0.0135,0,1
2172,train,0,0.1221,0,1
2173,train,0,0.2933,0,1
2174,train,0,0.0323,0,1
2175,train,0,0.1162,0,1
2176,train,0,0.0268,0,1
2177,train,0,0.1498,0,1
2178,train,0,0.0370,0,1
2179,train,0,0.0224,0,1
2180,train,0,0.0134,0,1
2181,train,0,0.1133,0,1
2182,train,0,0.0103,0,1
2183,test,0,0.0018,0,1
2184,train,0,0.1026,0,1
2185,train,0,0.0826,0,1
2186,train,0,0.0499,0,1
2187,train,0,0.0073,0,1
2188,train,0,0.2438,0,1
2189,train,0,0.1291,0,1
2190,train,0,0.2333,0,1
2191,train,0,0.1176,0,1
2192,test,0,0.1243,0,1
2193,train,0,0.0947,0,1
2194,train,0,0.0143,0,1
2195,train,0,0.1914,0,1
2196,train,0,0.0585,0,1
2197,train,0,0.2453,0,1
2198,test,0,0.6236,0,1
2199,test,0,0.0621,0,1
2200,test,0,0.0090,0,1
2201,test,0,0.0996,0,1
2202,train,0,0.1371,0,1
2203,train,0,0.0135,0,1
2204,train,0,0.0714,0,1
2205,train,0,0.0341,0,1
2206,test,0,0.6082,0,1
2207,train,0,0.0967,0,1
2208,test,0,0.0401,0,1
2209,train,0,0.0408,0,1
2210,train,0,0.1365,0,1
2211,train,0,0.5455,0,1
2212,train,0,0.1354,0,1
2213,train,0,0.1329,0,1
2214,train,0,0.0017,0,1
2215,test,0,0.0322,0,1
2216,train,0,0.0856,0,1
2217,train,0,0.0252,0,1
2218,test,0,0.0032,0,1
2219,train,0,0.1873,0,1
2220,train,0,0.0344,0,1
2221,train,0,0.0505,0,1
2222,train,0,0.0344,0,1
2223,train,0,0.1395,0,1
2224,train,0,0.1207,0,1
2225,test,0,0.0073,0,1
2226,train,0,0.1532,0,1
2227,train,0,0.0261,0,1
2228,train,0,0.6262,0,1
2229,train,0,0.2073,0,1
2230,train,0,0.0252,0,1
2231,train,0,0.0017,0,1
2232,train,0,0.4214,0,1
2233,train,0,0.4379,0,1
2234,train,0,0.0022,0,1
2235,train,0,0.2453,0,1
2236,test,0,0.1954,0,1
2237,train,0,0.1264,0,1
2238,test,0,0.0696,0,1
2239,train,0,0.0360,0,1
2240,test,0,0.2281,0,1
2241,train,0,0.0844,0,1
2242,train,0,0.1003,0,1
2243,train,0,0.0338,0,1
2244,train,0,0.0567,0,1
2245,train,0,0.1329,0,1
2246,train,0,0.0340,0,1
2247,train,0,0.0386,0,1
2248,train,0,0.0342,0,1
2249,train,0,0.1511,0,1
2250,train,0,0.0333,0,1
2251,train,0,0.0182,0,1
2252,train,0,0.0024,0,1
2253,train,0,0.0017,0,1
2254,test,0,0.0051,0,1
2255,train,0,0.2453,0,1
2256,test,0,0.0341,0,1
2257,train,0,0.3935,0,1
2258,train,0,0.2528,0,1
2259,train,0,0.0276,0,1
2260,train,0,0.2448,0,1
2261,train,0,0.1018,0,1
2262,train,0,0.0144,0,1
2263,train,0,0.0978,0,1
2264,train,0,0.1023,0,1
2265,test,0,0.0229,0,1
2266,test,0,0.1003,0,1
2267,train,0,0.0027,0,1
2268,test,0,0.0405,0,1
2269,train,0,0.0256,0,1
2270,train,0,0.0380,0,1
2271,train,0,0.0153,0,1
2272,train,0,0.0059,0,1
2273,train,0,0.0017,0,1
2274,train,0,0.2002,0,1
2275,train,0,0.0675,0,1
2276,train,0,0.1061,0,1
2277,train,0,0.1540,0,1
2278,test,0,0.1345,0,1
2279,test,0,0.0314,0,1
2280,train,0,0.0103,0,1
2281,train,0,0.0335,0,1
2282,train,0,0.0973,0,1
2283,train,0,0.0098,0,1
2284,train,0,0.0113,0,1
2285,train,0,0.2719,0,1
2286,train,0,0.0083,0,1
2287,train,0,0.0541,0,1
2288,train,0,0.0872,0,1
2289,train,0,0.0381,0,1
2290,train,0,0.0815,0,1
2291,train,0,0.0322,0,1
2292,train,0,0.0396,0,1
2293,train,0,0.1959,0,1
2294,train,0,0.0975,0,1
2295,test,0,0.1087,0,1
2296,train,0,0.0331,0,1
2297,train,0,0.0264,0,1
2298,train,0,0.0017,0,1
2299,train,0,0.0448,0,1
2300,train,0,0.0102,0,1
2301,test,0,0.0193,0,1
2302,test,0,0.0029,0,1
2303,train,0,0.7614,0,1
2304,train,0,0.0221,0,1
2305,train,0,0.0059,0,1
2306,test,0,0.0291,0,1
2307,train,0,0.0743,0,1
2308,train,0,0.0636,0,1
2309,train,0,0.1017,0,1
2310,train,0,0.0676,0,1
2311,train,0,0.0017,0,1
2312,test,0,0.0634,0,1
2313,train,0,0.2951,0,1
2314,train,0,0.0040,0,1
2315,train,0,0.1180,0,1
2316,train,0,0.1041,0,1
2317,train,0,0.0083,0,1
2318,test,0,0.1240,0,1
2319,train,0,0.0465,0,1
2320,train,0,0.0923,0,1
2321,train,0,0.0688,0,1
2322,train,0,0.0039,0,1
2323,train,0,0.0018,0,1
2324,train,0,0.0414,0,1
2325,test,0,0.0724,0,1
2326,train,0,0.0898,0,1
2327,test,0,0.3741,0,1
2328,test,0,0.0028,0,1
2329,train,0,0.0059,0,1
2330,train,0,0.0249,0,1
2331,train,0,0.0424,0,1
2332,test,0,0.1041,0,1
2333,train,0,0.0345,0,1
2334,train,0,0.1975,0,1
2335,train,0,0.3904,0,1
2336,train,0,0.0360,0,1
2337,test,0,0.0342,0,1
2338,train,0,0.2469,0,1
2339,train,0,0.0585,0,1
2340,train,0,0.0114,0,1
2341,train,0,0.1087,0,1
2342,train,0,0.2591,0,1
2343,train,0,0.0220,0,1
2344,test,0,0.0501,0,1
2345,train,0,0.1371,0,1
2346,train,0,0.0174,0,1
2347,train,0,0.0498,0,1
2348,train,0,0.0204,0,1
2349,train,0,0.1642,0,1
2350,train,0,0.0384,0,1
2351,train,0,0.0944,0,1
2352,train,0,0.0465,0,1
2353,test,0,0.2135,0,1
2354,train,0,0.0352,0,1
2355,train,0,0.0080,0,1
2356,train,0,0.1007,0,1
2357,train,0,0.0973,0,1
2358,train,0,0.0024,0,1
2359,train,0,0.0201,0,1
2360,train,0,0.0351,0,1
2361,train,0,0.3267,0,1
2362,test,0,0.0350,0,1
2363,train,0,0.1353,0,1
2364,test,0,0.0274,0,1
2365,train,0,0.1040,0,1
2366,train,0,0.0073,0,1
2367,train,0,0.1096,0,1
2368,train,0,0.0258,0,1
2369,test,0,0.0339,0,1
2370,train,0,0.0017,0,1
2371,train,0,0.1200,0,1
2372,train,0,0.1240,0,1
2373,train,0,0.0972,0,1
2374,train,0,0.0231,0,1
2375,train,0,0.0264,0,1
2376,train,0,0.0938,0,1
2377,train,0,0.3815,0,1
2378,train,0,0.0095,0,1
2379,train,0,0.0093,0,1
2380,train,0,0.0512,0,1
2381,train,0,0.1876,0,1
2382,train,0,0.2660,0,1
2383,train,0,0.6209,0,1
2384,train,0,0.1165,0,1
2385,train,0,0.0392,0,1
2386,test,0,0.1901,0,1
2387,test,0,0.0017,0,1
2388,train,0,0.0156,0,1
2389,test,0,0.0027,0,1
2390,train,0,0.3815,0,1
2391,train,0,0.0047,0,1
2392,test,0,0.0485,0,1
2393,train,0,0.0555,0,1
2394,test,0,0.0580,0,1
2395,train,0,0.1715,0,1
2396,train,0,0.0172,0,1
2397,train,0,0.0112,0,1
2398,train,0,0.0018,0,1
2399,train,0,0.3290,0,1
2400,train,0,0.0978,0,1
2401,train,0,0.3806,0,1
2402,train,0,0.0111,0,1
2403,train,0,0.2012,0,1
2404,train,0,0.0183,0,1
2405,train,0,0.0455,0,1
2406,train,0,0.0201,0,1
2407,train,0,0.0315,0,1
2408,train,0,0.0451,0,1
2409,train,0,0.2984,0,1
2410,train,0,0.0108,0,1
2411,train,0,0.1321,0,1
2412,train,0,0.0305,0,1
2413,train,0,0.2847,0,1
2414,train,0,0.1205,0,1
2415,train,0,0.0303,0,1
2416,train,0,0.0504,0,1
2417,train,0,0.0943,0,1
2418,train,0,0.0181,0,1
2419,train,0,0.0075,0,1
2420,train,0,0.0144,0,1
2421,train,0,0.0120,0,1
2422,train,0,0.0449,0,1
2423,train,0,0.2469,0,1
2424,train,0,0.0028,0,1
2425,train,0,0.0228,0,1
2426,train,0,0.0232,0,1
2427,train,0,0.1860,0,1
2428,test,0,0.0018,0,1
2429,train,0,0.0275,0,1
2430,train,0,0.0509,0,1
2431,train,0,0.0111,0,1
2432,train,0,0.1026,0,1
2433,test,0,0.0059,0,1
2434,test,0,0.0403,0,1
2435,test,0,0.0302,0,1
2436,test,0,0.1039,0,1
2437,train,0,0.0099,0,1
2438,train,0,0.1040,0,1
2439,train,0,0.0102,0,1
2440,train,0,0.1711,0,1
2441,train,0,0.1804,0,1
2442,train,0,0.3335,0,1
2443,train,0,0.0771,0,1
2444,train,0,0.0095,0,1
2445,test,0,0.0370,0,1
2446,test,0,0.2348,0,1
2447,train,0,0.0354,0,1
2448,train,0,0.0083,0,1
2449,train,0,0.0332,0,1
2450,test,0,0.0343,0,1
2451,test,0,0.0166,0,1
2452,train,0,0.4709,0,1
2453,train,0,0.0899,0,1
2454,train,0,0.0760,0,1
2455,test,0,0.0301,0,1
2456,test,0,0.0145,0,1
2457,train,0,0.0694,0,1
2458,train,0,0.1026,0,1
2459,train,0,0.0232,0,1
2460,train,0,0.0493,0,1
2461,train,0,0.0036,0,1
2462,train,0,0.0339,0,1
2463,train,0,0.0165,0,1
2464,train,0,0.0911,0,1
2465,train,0,0.1165,0,1
2466,train,0,0.2847,0,1
2467,train,0,0.0231,0,1
2468,train,0,0.0352,0,1
2469,train,0,0.1041,0,1
2470,train,0,0.2738,0,1
2471,train,0,0.0080,0,1
2472,train,0,0.0104,0,1
2473,train,0,0.0027,0,1
2474,train,0,0.0110,0,1
2475,train,0,0.0104,0,1
2476,train,0,0.0449,0,1
2477,train,0,0.0085,0,1
2478,train,0,0.1264,0,1
2479,train,0,0.0314,0,1
2480,test,0,0.0675,0,1
2481,train,0,0.0355,0,1
2482,train,0,0.0437,0,1
2483,train,0,0.1186,0,1
2484,train,0,0.0481,0,1
2485,train,0,0.2717,0,1
2486,test,0,0.0343,0,1
2487,train,0,0.0936,0,1
2488,train,0,0.0017,0,1
2489,train,0,0.0332,0,1
2490,test,0,0.0354,0,1
2491,train,0,0.0716,0,1
2492,test,0,0.0141,0,1
2493,test,0,0.3016,0,1
2494,train,0,0.0103,0,1
2495,train,0,0.0518,0,1
2496,train,0,0.4819,0,1
2497,train,0,0.0261,0,1
2498,train,0,0.0341,0,1
2499,train,0,0.0948,0,1
2500,train,0,0.0344,0,1
2501,train,0,0.0580,0,1
2502,train,0,0.0331,0,1
2503,test,0,0.0976,0,1
2504,train,0,0.0525,0,1
2505,test,0,0.1006,0,1
2506,train,0,0.1919,0,1
2507,train,0,0.0125,0,1
2508,train,0,0.0180,0,1
2509,train,0,0.0131,0,1
2510,train,0,0.0711,0,1
2511,train,0,0.0309,0,1
2512,test,0,0.1354,0,1
2513,train,0,0.0419,0,1
2514,train,0,0.0215,0,1
2515,train,0,0.4045,0,1
2516,train,0,0.4819,0,1
2517,train,0,0.0027,0,1
2518,train,0,0.0022,0,1
2519,test,0,0.0044,0,1
2520,train,0,0.5643,0,1
2521,test,0,0.0879,0,1
2522,test,0,0.0770,0,1
2523,train,0,0.1003,0,1
2524,test,0,0.0350,0,1
2525,test,0,0.2360,0,1
2526,train,0,0.0622,0,1
2527,train,0,0.0016,0,1
2528,train,0,0.0330,0,1
2529,train,0,0.0830,0,1
2530,train,0,0.0350,0,1
2531,train,0,0.0465,0,1
2532,train,0,0.0347,0,1
2533,test,0,0.0910,0,1
2534,train,0,0.0261,0,1
2535,train,0,0.0017,0,1
2536,train,0,0.0152,0,1
2537,train,0,0.0485,0,1
2538,test,0,0.0884,0,1
2539,train,0,0.0636,0,1
2540,test,0,0.0337,0,1
2541,train,0,0.0568,0,1
2542,train,0,0.0410,0,1
2543,train,0,0.0970,0,1
2544,train,0,0.0253,0,1
2545,test,0,0.0176,0,1
2546,train,0,0.0316,0,1
2547,test,0,0.0093,0,1
2548,train,0,0.4111,0,1
2549,train,0,0.1199,0,1
2550,train,0,0.3708,0,1
2551,train,0,0.0337,0,1
2552,train,0,0.6403,0,1
2553,train,0,0.0350,0,1
2554,train,0,0.0122,0,1
2555,train,0,0.0440,0,1
2556,train,0,0.0751,0,1
2557,test,0,0.0978,0,1
2558,test,0,0.0040,0,1
2559,test,0,0.0024,0,1
2560,test,0,0.0380,0,1
2561,train,0,0.6784,0,1
2562,train,0,0.0929,0,1
2563,train,0,0.0480,0,1
2564,train,0,0.0973,0,1
2565,train,0,0.0384,0,1
2566,test,0,0.0343,0,1
2567,train,0,0.0326,0,1
2568,train,0,0.0482,0,1
2569,test,0,0.1659,0,1
2570,test,0,0.0054,0,1
2571,train,0,0.0977,0,1
2572,train,0,0.0434,0,1
2573,test,0,0.0363,0,1
2574,train,0,0.0232,0,1
2575,train,0,0.0054,0,1
2576,train,0,0.0179,0,1
2577,train,0,0.0127,0,1
2578,train,0,0.1319,0,1
2579,train,0,0.0897,0,1
2580,train,0,0.2472,0,1
2581,train,0,0.0740,0,1
2582,train,0,0.0391,0,1
2583,train,0,0.2054,0,1
2584,train,0,0.1004,0,1
2585,train,0,0.3565,0,1
2586,train,0,0.0694,0,1
2587,train,0,0.0094,0,1
2588,train,0,0.0111,0,1
2589,train,0,0.1995,0,1
2590,train,0,0.0082,0,1
2591,train,0,0.0073,0,1
2592,train,0,0.0676,0,1
2593,train,0,0.0062,0,1
2594,train,0,0.2232,0,1
2595,train,0,0.0344,0,1
2596,train,0,0.2240,0,1
2597,train,0,0.0043,0,1
2598,train,0,0.0102,0,1
2599,test,0,0.0986,0,1
2600,train,0,0.0321,0,1
2601,train,0,0.1200,0,1
2602,train,0,0.0321,0,1
2603,train,0,0.0238,0,1
2604,train,0,0.0331,0,1
2605,test,0,0.1394,0,1
2606,train,0,0.4917,0,1
2607,train,0,0.0442,0,1
2608,train,0,0.6348,0,1
2609,train,0,0.0037,0,1
2610,train,0,0.0681,0,1
2611,train,0,0.0954,0,1
2612,train,0,0.0090,0,1
2613,test,0,0.0225,0,1
2614,test,0,0.0315,0,1
2615,train,0,0.2784,0,1
2616,train,0,0.0362,0,1
2617,test,0,0.1008,0,1
2618,test,0,0.0344,0,1
2619,train,0,0.0017,0,1
2620,train,0,0.2054,0,1
2621,train,0,0.0103,0,1
2622,train,0,0.0389,0,1
2623,train,0,0.0018,0,1
2624,train,0,0.1035,0,1
2625,train,0,0.1907,0,1
2626,test,0,0.0017,0,1
2627,train,0,0.0327,0,1
2628,train,0,0.0683,0,1
2629,train,0,0.0352,0,1
2630,train,0,0.1174,0,1
2631,train,0,0.1302,0,1
2632,train,0,0.0355,0,1
2633,train,0,0.0018,0,1
2634,train,0,0.0848,0,1
2635,train,0,0.0892,0,1
2636,test,0,0.0082,0,1
2637,train,0,0.0090,0,1
2638,train,0,0.1124,0,1
2639,train,0,0.0439,0,1
2640,train,0,0.0418,0,1
2641,test,0,0.0017,0,1
2642,train,0,0.0826,0,1
2643,train,0,0.0028,0,1
2644,train,0,0.3357,0,1
2645,train,0,0.0465,0,1
2646,train,0,0.0017,0,1
2647,train,0,0.0217,0,1
2648,train,0,0.0017,0,1
2649,train,0,0.0314,0,1
2650,train,0,0.1097,0,1
2651,train,0,0.0385,0,1
2652,train,0,0.0205,0,1
2653,test,0,0.0345,0,1
2654,train,0,0.0195,0,1
2655,train,0,0.0270,0,1
2656,train,0,0.0104,0,1
2657,train,0,0.0474,0,1
2658,train,0,0.0517,0,1
2659,train,0,0.0681,0,1
2660,train,0,0.0399,0,1
2661,test,0,0.0352,0,1
2662,train,0,0.0743,0,1
2663,train,0,0.0376,0,1
2664,train,0,0.0290,0,1
2665,train,0,0.0022,0,1
2666,train,0,0.0229,0,1
2667,train,0,0.2012,0,1
2668,train,0,0.2618,0,1
2669,train,0,0.0102,0,1
2670,train,0,0.0958,0,1
2671,train,0,0.0943,0,1
2672,train,0,0.0680,0,1
2673,train,0,0.0344,0,1
2674,train,0,0.2072,0,1
2675,train,0,0.0513,0,1
2676,test,0,0.3723,0,1
2677,train,0,0.0290,0,1
2678,train,0,0.0343,0,1
2679,train,0,0.0453,0,1
2680,train,0,0.0074,0,1
2681,test,0,0.0316,0,1
2682,test,0,0.2520,0,1
2683,train,0,0.0333,0,1
2684,train,0,0.0573,0,1
2685,train,0,0.0121,0,1
2686,train,0,0.0380,0,1
2687,train,0,0.2933,0,1
2688,train,0,0.0027,0,1
2689,train,0,0.3433,0,1
2690,train,0,0.2758,0,1
2691,test,0,0.3916,0,1
2692,train,0,0.1298,0,1
2693,train,0,0.0331,0,1
2694,test,0,0.1919,0,1
2695,train,0,0.1136,0,1
2696,test,0,0.0778,0,1
2697,train,0,0.1907,0,1
2698,train,0,0.0143,0,1
2699,train,0,0.0563,0,1
2700,train,0,0.0380,0,1
2701,train,0,0.3267,0,1
2702,test,0,0.0312,0,1
2703,train,0,0.3774,0,1
2704,test,0,0.0244,0,1
2705,train,0,0.0528,0,1
2706,test,0,0.0076,0,1
2707,train,0,0.0784,0,1
2708,train,0,0.4379,0,1
2709,train,0,0.0405,0,1
2710,train,0,0.0412,0,1
2711,test,0,0.0112,0,1
2712,train,0,0.1026,0,1
2713,train,0,0.0080,0,1
2714,train,0,0.0581,0,1
2715,train,0,0.0320,0,1
2716,train,0,0.0403,0,1
2717,train,0,0.0723,0,1
2718,train,0,0.2850,0,1
2719,train,0,0.0225,0,1
2720,train,0,0.0331,0,1
2721,train,0,0.0682,0,1
2722,train,0,0.0090,0,1
2723,train,0,0.3547,0,1
2724,train,0,0.0339,0,1
2725,train,0,0.0351,0,1
2726,train,0,0.0166,0,1
2727,train,0,0.0264,0,1
2728,train,0,0.0017,0,1
2729,train,0,0.2017,0,1
2730,test,0,0.0381,0,1
2731,train,0,0.0558,0,1
2732,test,0,0.2365,0,1
2733,train,0,0.0237,0,1
2734,test,0,0.0343,0,1
2735,test,0,0.3216,0,1
2736,test,0,0.2684,0,1
2737,train,0,0.0479,0,1
2738,test,0,0.0047,0,1
2739,test,0,0.0103,0,1
2740,train,0,0.0740,0,1
2741,train,0,0.0089,0,1
2742,train,0,0.0018,0,1
2743,train,0,0.0648,0,1
2744,train,0,0.0390,0,1
2745,test,0,0.0135,0,1
2746,train,0,0.0302,0,1
2747,train,0,0.3547,0,1
2748,test,0,0.0337,0,1
2749,train,0,0.0032,0,1
2750,train,0,0.1074,0,1
2751,train,0,0.0677,0,1
2752,train,0,0.0343,0,1
2753,train,0,0.1018,0,1
2754,train,0,0.3154,0,1
2755,train,0,0.0342,0,1
2756,train,0,0.0028,0,1
2757,train,0,0.0253,0,1
2758,train,0,0.0365,0,1
2759,train,0,0.0217,0,1
2760,train,0,0.1250,0,1
2761,train,0,0.0032,0,1
2762,train,0,0.2684,0,1
2763,train,0,0.2123,0,1
2764,train,0,0.0314,0,1
2765,train,0,0.0237,0,1
2766,train,0,0.0189,0,1
2767,train,0,0.2250,0,1
2768,test,0,0.4726,0,1
2769,train,0,0.1056,0,1
2770,train,0,0.0113,0,1
2771,train,0,0.0350,0,1
2772,train,0,0.0144,0,1
2773,train,0,0.0901,0,1
2774,test,0,0.0315,0,1
2775,test,0,0.1006,0,1
2776,train,0,0.0494,0,1
2777,train,0,0.0189,0,1
2778,test,0,0.3794,0,1
2779,train,0,0.2824,0,1
2780,train,0,0.0228,0,1
2781,train,0,0.0228,0,1
2782,train,0,0.6236,0,1
2783,test,0,0.0305,0,1
2784,train,0,0.1247,0,1
2785,train,0,0.4086,0,1
2786,train,0,0.0344,0,1
2787,test,0,0.0975,0,1
2788,train,0,0.0155,0,1
2789,train,0,0.0094,0,1
2790,train,0,0.0042,0,1
2791,test,0,0.1796,0,1
2792,train,0,0.0085,0,1
2793,train,0,0.0022,0,1
2794,train,0,0.3706,0,1
2795,train,0,0.0283,0,1
2796,train,0,0.3708,0,1
2797,test,0,0.0395,0,1
2798,test,0,0.0330,0,1
2799,train,0,0.0315,0,1
2800,test,0,0.0453,0,1
2801,train,0,0.0027,0,1
2802,train,0,0.0496,0,1
2803,train,0,0.0375,0,1
2804,train,0,0.0520,0,1
2805,train,0,0.0251,0,1
2806,train,0,0.5454,0,1
2807,test,0,0.0121,0,1
2808,train,0,0.0305,0,1
2809,test,0,0.1228,0,1
2810,test,0,0.0708,0,1
2811,train,0,0.1423,0,1
2812,test,0,0.0224,0,1
2813,train,0,0.0028,0,1
2814,train,0,0.0066,0,1
2815,test,0,0.0826,0,1
2816,train,0,0.0493,0,1
2817,test,0,0.0933,0,1
2818,train,0,0.0827,0,1
2819,train,0,0.3030,0,1
2820,train,0,0.0113,0,1
2821,train,0,0.0399,0,1
2822,train,0,0.0324,0,1
2823,train,0,0.0319,0,1
2824,train,0,0.0943,0,1
2825,test,0,0.0144,0,1
2826,train,0,0.0171,0,1
2827,train,0,0.0345,0,1
2828,train,0,0.0261,0,1
2829,train,0,0.3341,0,1
2830,train,0,0.4726,0,1
2831,train,0,0.0867,0,1
2832,train,0,0.0185,0,1
2833,train,0,0.0224,0,1
2834,train,0,0.0195,0,1
2835,train,0,0.0455,0,1
2836,train,0,0.0722,0,1
2837,train,0,0.0522,0,1
2838,test,0,0.0131,0,1
2839,test,0,0.0408,0,1
2840,test,0,0.0018,0,1
2841,train,0,0.1659,0,1
2842,train,0,0.0027,0,1
2843,test,0,0.0196,0,1
2844,train,0,0.0479,0,1
2845,train,0,0.0102,0,1
2846,train,0,0.0191,0,1
2847,train,0,0.2738,0,1
2848,train,0,0.1659,0,1
2849,test,0,0.0138,0,1
2850,test,0,0.0191,0,1
2851,train,0,0.0751,0,1
2852,train,0,0.0878,0,1
2853,train,0,0.1607,0,1
2854,test,0,0.3408,0,1
2855,train,0,0.0966,0,1
2856,train,0,0.1271,0,1
2857,train,0,0.1050,0,1
2858,train,0,0.0336,0,1
2859,train,0,0.0370,0,1
2860,train,0,0.0999,0,1
2861,train,0,0.4819,0,1
2862,train,0,0.3389,0,1
2863,train,0,0.0352,0,1
2864,test,0,0.1336,0,1
2865,train,0,0.0431,0,1
2866,train,0,0.0167,0,1
2867,train,0,0.0365,0,1
2868,train,0,0.0102,0,1
2869,train,0,0.1423,0,1
2870,test,0,0.0274,0,1
2871,test,0,0.0098,0,1
2872,train,0,0.0027,0,1
2873,train,0,0.1724,0,1
2874,train,0,0.0027,0,1
2875,train,0,0.1615,0,1
2876,test,0,0.0110,0,1
2877,train,0,0.0308,0,1
2878,train,0,0.2192,0,1
2879,train,0,0.3030,0,1
2880,test,0,0.0027,0,1
2881,train,0,0.0225,0,1
2882,train,0,0.0085,0,1
2883,train,0,0.1056,0,1
2884,train,0,0.0357,0,1
2885,train,0,0.0345,0,1
2886,train,0,0.0418,0,1
2887,train,0,0.1097,0,1
2888,train,0,0.0516,0,1
2889,test,0,0.1797,0,1
2890,train,0,0.2327,0,1
2891,train,0,0.0747,0,1
2892,train,0,0.4976,0,1
2893,train,0,0.0090,0,1
2894,train,0,0.0962,0,1
2895,train,0,0.0380,0,1
2896,train,0,0.7144,0,1
2897,test,0,0.0977,0,1
2898,train,0,0.0293,0,1
2899,train,0,0.0025,0,1
2900,train,0,0.0111,0,1
2901,train,0,0.3357,0,1
2902,test,0,0.0757,0,1
2903,train,0,0.0017,0,1
2904,train,0,0.0127,0,1
2905,test,0,0.0958,0,1
2906,train,0,0.0039,0,1
2907,train,0,0.0094,0,1
2908,train,0,0.1873,0,1
2909,test,0,0.0154,0,1
2910,train,0,0.0362,0,1
2911,train,0,0.2636,0,1
2912,test,0,0.1806,0,1
2913,train,0,0.2088,0,1
2914,train,0,0.0451,0,1
2915,test,0,0.5879,0,1
2916,train,0,0.1752,0,1
2917,train,0,0.0531,0,1
2918,train,0,0.0403,0,1
2919,train,0,0.0226,0,1
2920,test,0,0.0045,0,1
2921,test,0,0.0358,0,1
2922,test,0,0.1719,0,1
2923,train,0,0.0961,0,1
2924,train,0,0.0468,0,1
2925,train,0,0.0815,0,1
2926,train,0,0.0114,0,1
2927,test,0,0.0622,0,1
2928,train,0,0.3096,0,1
2929,train,0,0.0144,0,1
2930,train,0,0.0198,0,1
2931,train,0,0.1554,0,1
2932,test,0,0.0323,0,1
2933,train,0,0.0715,0,1
2934,train,0,0.0334,0,1
2935,train,0,0.0902,0,1
2936,train,0,0.0178,0,1
2937,train,0,0.2597,0,1
2938,train,0,0.0114,0,1
2939,train,0,0.0476,0,1
2940,test,0,0.0190,0,1
2941,train,0,0.0419,0,1
2942,train,0,0.0028,0,1
2943,train,0,0.6879,0,1
2944,train,0,0.0379,0,1
2945,test,0,0.1006,0,1
2946,test,0,0.0114,0,1
2947,train,0,0.0338,0,1
2948,train,0,0.0204,0,1
2949,train,0,0.1102,0,1
2950,train,0,0.0342,0,1
2951,test,0,0.0851,0,1
2952,train,0,0.2843,0,1
2953,test,0,0.0051,0,1
2954,train,0,0.0946,0,1
2955,train,0,0.0946,0,1
2956,train,0,0.0370,0,1
2957,train,0,0.0084,0,1
2958,train,0,0.2636,0,1
2959,train,0,0.0334,0,1
2960,test,0,0.1730,0,1
2961,train,0,0.0017,0,1
2962,test,0,0.0133,0,1
2963,train,0,0.1368,0,1
2964,train,0,0.0241,0,1
2965,train,0,0.0245,0,1
2966,train,0,0.0955,0,1
2967,train,0,0.0797,0,1
2968,test,0,0.0080,0,1
2969,train,0,0.1163,0,1
2970,train,0,0.7393,0,1
2971,train,0,0.1285,0,1
2972,train,0,0.0350,0,1
2973,train,0,0.0787,0,1
2974,train,0,0.0985,0,1
2975,test,0,0.0017,0,1
2976,test,0,0.0099,0,1
2977,test,0,0.0033,0,1
2978,test,0,0.2847,0,1
2979,train,0,0.0144,0,1
2980,train,0,0.1200,0,1
2981,train,0,0.0572,0,1
2982,train,0,0.0336,0,1
2983,train,0,0.2088,0,1
2984,test,0,0.0308,0,1
2985,test,0,0.3341,0,1
2986,train,0,0.0222,0,1
2987,train,0,0.0497,0,1
2988,train,0,0.0414,0,1
2989,train,0,0.1907,0,1
2990,train,0,0.0224,0,1
2991,train,0,0.2604,0,1
2992,train,0,0.0097,0,1
2993,train,0,0.0246,0,1
2994,train,0,0.0350,0,1
2995,train,0,0.0198,0,1
2996,train,0,0.0349,0,1
2997,train,0,0.0419,0,1
2998,train,0,0.0984,0,1
2999,train,0,0.0707,0,1
3000,test,0,0.1537,0,1
3001,train,0,0.1165,0,1
3002,train,0,0.0391,0,1
3003,test,0,0.0390,0,1
3004,test,0,0.0364,0,1
3005,train,0,0.0567,0,1
3006,test,0,0.0279,0,1
3007,train,0,0.0350,0,1
3008,train,0,0.1141,0,1
3009,test,0,0.2847,0,1
3010,test,0,0.0337,0,1
3011,train,0,0.1039,0,1
3012,train,0,0.0111,0,1
3013,train,0,0.6082,0,1
3014,train,0,0.0110,0,1
3015,train,0,0.0174,0,1
3016,train,0,0.0018,0,1
3017,train,0,0.0351,0,1
3018,train,0,0.0375,0,1
3019,train,0,0.0235,0,1
3020,train,0,0.6457,0,1
3021,test,0,0.0083,0,1
3022,train,0,0.0016,0,1
3023,test,0,0.6082,0,1
3024,train,0,0.0403,0,1
3025,train,0,0.0572,0,1
3026,train,0,0.0325,0,1
3027,train,0,0.0364,0,1
3028,train,0,0.0274,0,1
3029,train,0,0.0690,0,1
3030,test,0,0.5419,0,1
3031,train,0,0.0395,0,1
3032,train,0,0.2012,0,1
3033,train,0,0.1011,0,1
3034,train,0,0.0721,0,1
3035,train,0,0.0357,0,1
3036,train,0,0.0410,0,1
3037,train,0,0.0757,0,1
3038,train,0,0.0523,0,1
3039,train,0,0.0116,0,1
3040,test,0,0.0889,0,1
3041,test,0,0.0378,0,1
3042,test,0,0.0189,0,1
3043,test,0,0.0800,0,1
3044,train,0,0.0568,0,1
3045,train,0,0.1785,0,1
3046,test,0,0.0040,0,1
3047,train,0,0.0357,0,1
3048,train,0,0.0190,0,1
3049,train,0,0.0073,0,1
3050,train,0,0.1050,0,1
3051,test,0,0.0193,0,1
3052,test,0,0.0204,0,1
3053,train,0,0.0444,0,1
3054,test,0,0.0022,0,1
3055,test,0,0.0028,0,1
3056,train,0,0.0413,0,1
3057,train,0,0.0973,0,1
3058,train,0,0.0372,0,1
3059,train,0,0.2123,0,1
3060,train,0,0.0553,0,1
3061,test,0,0.3211,0,1
3062,train,0,0.0335,0,1
3063,test,0,0.0174,0,1
3064,train,0,0.0685,0,1
3065,train,0,0.1568,0,1
3066,test,0,0.0121,0,1
3067,train,0,0.1041,0,1
3068,test,0,0.6236,0,1
3069,train,0,0.0401,0,1
3070,train,0,0.2975,0,1
3071,train,0,0.1658,0,1
3072,train,0,0.0224,0,1
3073,train,0,0.0129,0,1
3074,test,0,0.0345,0,1
3075,train,0,0.0344,0,1
3076,train,0,0.1659,0,1
3077,train,0,0.0198,0,1
3078,train,0,0.0992,0,1
3079,train,0,0.0016,0,1
3080,train,0,0.0032,0,1
3081,train,0,0.0453,0,1
3082,train,0,0.0275,0,1
3083,train,0,0.0178,0,1
3084,train,0,0.0082,0,1
3085,train,0,0.7623,0,1
3086,train,0,0.0358,0,1
3087,train,0,0.0678,0,1
3088,train,0,0.0364,0,1
3089,train,0,0.0268,0,1
3090,train,0,0.0126,0,1
3091,train,0,0.0568,0,1
3092,train,0,0.1724,0,1
3093,test,0,0.0339,0,1
3094,train,0,0.0279,0,1
3095,train,0,0.4797,0,1
3096,train,0,0.0368,0,1
3097,test,0,0.0565,0,1
3098,train,0,0.0084,0,1
3099,train,0,0.0463,0,1
3100,test,0,0.0017,0,1
3101,train,0,0.0327,0,1
3102,train,0,0.0217,0,1
3103,train,0,0.0231,0,1
3104,train,0,0.1715,0,1
3105,test,0,0.1042,0,1
3106,train,0,0.1799,0,1
3107,train,0,0.0575,0,1
3108,train,0,0.0401,0,1
3109,test,0,0.0342,0,1
3110,train,0,0.0027,0,1
3111,test,0,0.0046,0,1
3112,train,0,0.0111,0,1
3113,test,0,0.0339,0,1
3114,train,0,0.0946,0,1
3115,train,0,0.1320,0,1
3116,train,0,0.0017,0,1
3117,train,0,0.2755,0,1
3118,train,0,0.1240,0,1
3119,train,0,0.0943,0,1
3120,test,0,0.0314,0,1
3121,test,0,0.1967,0,1
3122,train,0,0.1757,0,1
3123,train,0,0.0095,0,1
3124,train,0,0.1856,0,1
3125,train,0,0.0481,0,1
3126,train,0,0.0678,0,1
3127,train,0,0.0453,0,1
3128,train,0,0.1648,0,1
3129,train,0,0.2327,0,1
3130,train,0,0.1041,0,1
3131,train,0,0.0244,0,1
3132,train,0,0.0312,0,1
3133,train,0,0.0364,0,1
3134,train,0,0.0055,0,1
3135,test,0,0.0045,0,1
3136,train,0,0.0104,0,1
3137,train,0,0.1919,0,1
3138,train,0,0.0394,0,1
3139,train,0,0.1270,0,1
3140,train,0,0.0180,0,1
3141,train,0,0.2856,0,1
3142,train,0,0.1096,0,1
3143,train,0,0.0028,0,1
3144,train,0,0.0675,0,1
3145,train,0,0.0096,0,1
3146,train,0,0.0195,0,1
3147,train,0,0.0155,0,1
3148,train,0,0.0902,0,1
3149,train,0,0.0884,0,1
3150,train,0,0.3013,0,1
3151,train,0,0.0199,0,1
3152,train,0,0.0158,0,1
3153,test,0,0.0346,0,1
3154,train,0,0.0585,0,1
3155,train,0,0.0092,0,1
3156,train,0,0.0364,0,1
3157,train,0,0.1778,0,1
3158,test,0,0.0135,0,1
3159,train,0,0.0866,0,1
3160,train,0,0.0841,0,1
3161,train,0,0.0111,0,1
3162,train,0,0.1947,0,1
3163,train,0,0.0121,0,1
3164,test,0,0.0672,0,1
3165,train,0,0.0024,0,1
3166,train,0,0.0109,0,1
3167,train,0,0.1068,0,1
3168,train,0,0.0277,0,1
3169,train,0,0.0095,0,1
3170,train,0,0.1916,0,1
3171,test,0,0.0103,0,1
3172,test,0,0.0333,0,1
3173,train,0,0.0685,0,1
3174,train,0,0.0328,0,1
3175,test,0,0.0393,0,1
3176,train,0,0.1266,0,1
3177,train,0,0.0028,0,1
3178,train,0,0.0170,0,1
3179,train,0,0.0202,0,1
3180,train,0,0.0263,0,1
3181,train,0,0.0255,0,1
3182,train,0,0.0916,0,1
3183,train,0,0.2093,0,1
3184,test,0,0.0992,0,1
3185,test,0,0.0426,0,1
3186,train,0,0.0090,0,1
3187,train,0,0.0339,0,1
3188,train,0,0.0341,0,1
3189,train,0,0.0135,0,1
3190,train,0,0.0256,0,1
3191,train,0,0.0268,0,1
3192,test,0,0.0085,0,1
3193,train,0,0.1736,0,1
3194,train,0,0.0203,0,1
3195,train,0,0.0740,0,1
3196,train,0,0.0680,0,1
3197,train,0,0.0817,0,1
3198,train,0,0.2216,0,1
3199,train,0,0.0324,0,1
3200,test,0,0.0978,0,1
3201,train,0,0.0882,0,1
3202,train,0,0.0028,0,1
3203,test,0,0.2073,0,1
3204,train,0,0.0333,0,1
3205,train,0,0.3972,0,1
3206,train,0,0.0578,0,1
3207,test,0,0.0055,0,1
3208,train,0,0.0410,0,1
3209,train,0,0.0199,0,1
3210,train,0,0.0670,0,1
3211,test,0,0.0419,0,1
3212,train,0,0.4109,0,1
3213,train,0,0.1223,0,1
3214,train,0,0.0346,0,1
3215,train,0,0.0381,0,1
3216,train,0,0.0175,0,1
3217,train,0,0.0557,0,1
3218,train,0,0.0974,0,1
3219,train,0,0.0310,0,1
3220,test,0,0.1035,0,1
3221,test,0,0.3866,0,1
3222,train,0,0.0354,0,1
3223,train,0,0.0681,0,1
3224,train,0,0.1352,0,1
3225,train,0,0.7393,0,1
3226,train,0,0.1347,0,1
3227,train,0,0.0833,0,1
3228,train,0,0.0026,0,1
3229,train,0,0.3030,0,1
3230,train,0,0.0955,0,1
3231,train,0,0.0176,0,1
3232,train,0,0.0336,0,1
3233,train,0,0.0338,0,1
3234,test,0,0.0017,0,1
3235,test,0,0.6749,0,1
3236,train,0,0.0016,0,1
3237,train,0,0.0640,0,1
3238,train,0,0.0329,0,1
3239,train,0,0.0102,0,1
3240,test,0,0.0541,0,1
3241,train,0,0.2285,0,1
3242,train,0,0.0939,0,1
3243,test,0,0.0342,0,1
3244,train,0,0.0027,0,1
3245,train,0,0.0383,0,1
3246,train,0,0.1984,0,1
3247,train,0,0.3357,0,1
3248,train,0,0.1298,0,1
3249,train,0,0.0556,0,1
3250,train,0,0.3153,0,1
3251,train,0,0.1907,0,1
3252,train,0,0.0246,0,1
3253,train,0,0.3493,0,1
3254,train,0,0.6456,0,1
3255,train,0,0.0090,0,1
3256,test,0,0.0195,0,1
3257,train,0,0.0446,0,1
3258,train,0,0.1033,0,1
3259,train,0,0.0208,0,1
3260,train,0,0.0949,0,1
3261,train,0,0.1270,0,1
3262,train,0,0.0578,0,1
3263,train,0,0.0016,0,1
3264,train,0,0.7544,0,1
3265,train,0,0.3904,0,1
3266,train,0,0.0213,0,1
3267,train,0,0.0073,0,1
3268,train,0,0.1202,0,1
3269,train,0,0.0222,0,1
3270,train,0,0.0027,0,1
3271,train,0,0.0080,0,1
3272,train,0,0.0189,0,1
3273,test,0,0.0198,0,1
3274,train,0,0.0583,0,1
3275,train,0,0.0996,0,1
3276,train,0,0.0085,0,1
3277,train,0,0.0875,0,1
3278,train,0,0.0849,0,1
3279,train,0,0.0358,0,1
3280,train,0,0.0041,0,1
3281,train,0,0.0338,0,1
3282,train,0,0.0291,0,1
3283,test,0,0.5867,0,1
3284,train,0,0.0488,0,1
3285,test,0,0.0369,0,1
3286,train,0,0.0359,0,1
3287,train,0,0.0944,0,1
3288,train,0,0.0439,0,1
3289,train,0,0.0303,0,1
3290,test,0,0.0127,0,1
3291,test,0,0.0018,0,1
3292,train,0,0.0090,0,1
3293,train,0,0.0029,0,1
3294,test,0,0.0042,0,1
3295,train,0,0.4045,0,1
3296,train,0,0.0800,0,1
3297,test,0,0.0437,0,1
3298,train,0,0.0418,0,1
3299,test,0,0.1948,0,1
3300,train,0,0.2719,0,1
3301,train,0,0.0222,0,1
3302,train,0,0.0963,0,1
3303,test,0,0.3415,0,1
3304,train,0,0.0126,0,1
3305,test,0,0.0080,0,1
3306,train,0,0.1324,0,1
3307,train,0,0.0689,0,1
3308,train,0,0.0720,0,1
3309,train,0,0.0807,0,1
3310,train,0,0.0039,0,1
3311,train,0,0.0695,0,1
3312,train,0,0.0144,0,1
3313,test,0,0.0953,0,1
3314,train,0,0.1057,0,1
3315,test,0,0.0397,0,1
3316,train,0,0.0344,0,1
3317,test,0,0.0653,0,1
3318,train,0,0.0225,0,1
3319,train,0,0.0322,0,1
3320,test,0,0.2597,0,1
3321,test,0,0.0577,0,1
3322,test,0,0.0364,0,1
3323,train,0,0.0990,0,1
3324,test,0,0.0025,0,1
3325,train,0,0.0253,0,1
3326,test,0,0.0138,0,1
3327,train,0,0.0223,0,1
3328,train,0,0.0300,0,1
3329,train,0,0.0018,0,1
3330,test,0,0.0366,0,1
3331,train,0,0.0636,0,1
3332,train,0,0.0985,0,1
3333,train,0,0.1249,0,1
3334,train,0,0.0114,0,1
3335,test,0,0.0332,0,1
3336,train,0,0.0499,0,1
3337,train,0,0.0208,0,1
3338,train,0,0.0694,0,1
3339,train,0,0.0912,0,1
3340,train,0,0.3620,0,1
3341,train,0,0.0340,0,1
3342,test,0,0.0679,0,1
3343,test,0,0.0075,0,1
3344,train,0,0.1782,0,1
3345,train,0,0.0286,0,1
3346,train,0,0.1756,0,1
3347,train,0,0.3958,0,1
3348,train,0,0.1036,0,1
3349,test,0,0.0334,0,1
3350,train,0,0.0643,0,1
3351,train,0,0.0929,0,1
3352,test,0,0.0401,0,1
3353,train,0,0.0510,0,1
3354,test,0,0.1114,0,1
3355,test,0,0.0644,0,1
3356,train,0,0.0323,0,1
3357,train,0,0.0972,0,1
3358,train,0,0.0199,0,1
3359,train,0,0.3341,0,1
3360,train,0,0.0390,0,1
3361,train,0,0.1017,0,1
3362,train,0,0.1264,0,1
3363,train,0,0.6884,0,1
3364,train,0,0.1278,0,1
3365,train,0,0.4045,0,1
3366,train,0,0.0189,0,1
3367,train,0,0.0224,0,1
3368,test,0,0.1249,0,1
3369,train,0,0.1371,0,1
3370,train,0,0.0321,0,1
3371,train,0,0.3440,0,1
3372,test,0,0.0953,0,1
3373,train,0,0.0072,0,1
3374,train,0,0.0678,0,1
3375,train,0,0.0587,0,1
3376,train,0,0.0647,0,1
3377,train,0,0.0069,0,1
3378,train,0,0.1066,0,1
3379,train,0,0.0430,0,1
3380,train,0,0.0675,0,1
3381,test,0,0.0170,0,1
3382,train,0,0.0918,0,1
3383,train,0,0.0488,0,1
3384,train,0,0.1360,0,1
3385,test,0,0.0767,0,1
3386,test,0,0.2918,0,1
3387,train,0,0.0079,0,1
3388,train,0,0.0027,0,1
3389,train,0,0.1947,0,1
3390,train,0,0.0349,0,1
3391,test,0,0.2351,0,1
3392,train,0,0.0352,0,1
3393,train,0,0.1086,0,1
3394,train,0,0.0324,0,1
3395,test,0,0.0234,0,1
3396,train,0,0.0018,0,1
3397,test,0,0.0181,0,1
3398,train,0,0.0103,0,1
3399,train,0,0.0319,0,1
3400,test,0,0.0828,0,1
3401,train,0,0.0224,0,1
3402,train,0,0.0760,0,1
3403,train,0,0.0308,0,1
3404,test,0,0.0990,0,1
3405,train,0,0.0891,0,1
3406,train,0,0.0325,0,1
3407,train,0,0.0631,0,1
3408,test,0,0.0305,0,1
3409,train,0,0.0566,0,1
3410,test,0,0.0199,0,1
3411,train,0,0.0121,0,1
3412,train,0,0.0237,0,1
3413,train,0,0.1199,0,1
3414,test,0,0.0021,0,1
3415,train,0,0.0170,0,1
3416,test,0,0.0308,0,1
3417,train,0,0.0360,0,1
3418,test,0,0.0153,0,1
3419,train,0,0.0121,0,1
3420,train,0,0.0784,0,1
3421,train,0,0.0506,0,1
3422,train,0,0.3289,0,1
3423,train,0,0.0211,0,1
3424,train,0,0.2071,0,1
3425,test,0,0.1690,0,1
3426,train,0,0.1036,0,1
3427,train,0,0.0045,0,1
3428,train,0,0.0851,0,1
3429,train,0,0.0221,0,1
3430,train,0,0.3567,0,1
3431,train,0,0.1495,0,1
3432,train,0,0.0136,0,1
3433,train,0,0.0375,0,1
3434,train,0,0.0382,0,1
3435,train,0,0.0201,0,1
3436,test,0,0.0485,0,1
3437,train,0,0.0849,0,1
3438,train,0,0.0028,0,1
3439,train,0,0.0028,0,1
3440,train,0,0.6791,0,1
3441,train,0,0.0472,0,1
3442,train,0,0.0201,0,1
3443,train,0,0.1315,0,1
3444,train,0,0.1347,0,1
3445,test,0,0.0920,0,1
3446,train,0,0.0093,0,1
3447,train,0,0.0938,0,1
3448,train,0,0.0134,0,1
3449,train,0,0.0212,0,1
3450,test,0,0.0794,0,1
3451,train,0,0.0224,0,1
3452,test,0,0.0922,0,1
3453,train,0,0.0841,0,1
3454,test,0,0.0179,0,1
3455,train,0,0.0198,0,1
3456,train,0,0.0955,0,1
3457,test,0,0.0176,0,1
3458,train,0,0.0365,0,1
3459,test,0,0.0894,0,1
3460,test,0,0.0694,0,1
3461,test,0,0.0091,0,1
3462,test,0,0.0340,0,1
3463,train,0,0.0040,0,1
3464,test,0,0.0868,0,1
3465,train,0,0.3013,0,1
3466,train,0,0.0088,0,1
3467,train,0,0.1351,0,1
3468,test,0,0.0553,0,1
3469,train,0,0.6510,0,1
3470,train,0,0.0066,0,1
3471,test,0,0.1976,0,1
3472,test,0,0.2325,0,1
3473,test,0,0.2388,0,1
3474,train,0,0.0524,0,1
3475,train,0,0.0035,0,1
3476,train,0,0.0984,0,1
3477,train,0,0.0522,0,1
3478,train,0,0.5432,0,1
3479,test,0,0.1145,0,1
3480,test,0,0.0397,0,1
3481,train,0,0.4122,0,1
3482,train,0,0.0495,0,1
3483,test,0,0.0681,0,1
3484,train,0,0.0206,0,1
3485,train,0,0.1553,0,1
3486,test,0,0.0634,0,1
3487,test,0,0.1719,0,1
3488,train,0,0.0621,0,1
3489,test,0,0.1357,0,1
3490,train,0,0.6585,0,1
3491,train,0,0.0360,0,1
3492,train,0,0.0227,0,1
3493,train,0,0.0082,0,1
3494,train,0,0.1724,0,1
3495,train,0,0.3547,0,1
3496,train,0,0.0029,0,1
3497,train,0,0.2408,0,1
3498,train,0,0.0018,0,1
3499,train,1,0.7218,0,0
3500,test,1,0.8825,1,1
3501,train,1,0.4953,0,0
3502,train,1,0.9654,1,1
3503,train,1,0.9286,1,1
3504,train,1,0.8610,1,1
3505,train,1,0.8715,1,1
3506,train,1,0.7859,1,1
3507,train,1,0.9057,1,1
3508,train,1,0.8614,1,1
3509,train,1,0.8808,1,1
3510,train,1,0.1523,0,0
3511,test,1,0.7836,1,1
3512,train,1,0.9620,1,1
3513,train,1,0.9628,1,1
3514,test,1,0.9536,1,1
3515,test,1,0.8991,1,1
3516,train,1,0.8406,1,1
3517,test,1,0.9626,1,1
3518,train,1,0.4604,0,0
3519,train,1,0.9198,1,1
3520,train,1,0.9414,1,1
3521,train,1,0.8483,1,1
3522,train,1,0.9608,1,1
3523,train,1,0.9702,1,1
3524,train,1,0.8342,1,1
3525,train,1,0.9332,1,1
3526,train,1,0.9570,1,1
3527,train,1,0.6852,0,0
3528,train,1,0.7881,1,1
3529,train,1,0.7425,0,0
3530,test,1,0.2325,0,0
3531,train,1,0.9376,1,1
3532,test,1,0.9277,1,1
3533,train,1,0.8975,1,1
3534,train,1,0.8780,1,1
3535,train,1,0.6468,0,0
3536,test,1,0.3610,0,0
3537,train,1,0.4153,0,0
3538,train,0,0.1631,0,1
3539,train,0,0.1682,0,1
3540,test,0,0.2386,0,1
3541,train,0,0.2678,0,1
3542,train,0,0.2954,0,1
3543,train,0,0.2152,0,1
3544,train,0,0.1563,0,1
3545,train,0,0.1929,0,1
3546,train,0,0.3538,0,1
3547,test,0,0.2155,0,1
3548,train,0,0.2152,0,1
3549,test,0,0.2120,0,1
3550,train,0,0.2689,0,1
3551,train,0,0.2219,0,1
3552,test,0,0.1820,0,1
3553,train,0,0.5871,0,1
3554,train,0,0.7549,0,1
3555,train,0,0.2918,0,1
3556,train,0,0.1872,0,1
3557,train,0,0.2709,0,1
3558,train,0,0.5410,0,1
3559,train,0,0.2249,0,1
3560,train,0,0.7745,1,0
3561,train,0,0.3231,0,1
3562,train,0,0.2617,0,1
3563,test,0,0.1457,0,1
3564,train,0,0.3323,0,1
3565,train,0,0.8672,1,0
3566,test,0,0.4917,0,1
3567,test,0,0.0032,0,1
3568,train,0,0.0087,0,1
3569,train,0,0.0891,0,1
3570,test,0,0.0659,0,1
3571,train,0,0.0990,0,1
3572,train,0,0.0352,0,1
3573,train,0,0.1753,0,1
3574,train,0,0.0331,0,1
3575,train,0,0.0349,0,1
3576,train,0,0.0268,0,1
3577,test,0,0.0299,0,1
3578,train,0,0.0079,0,1
3579,train,0,0.0018,0,1
3580,test,0,0.0138,0,1
3581,test,0,0.0128,0,1
3582,train,0,0.0637,0,1
3583,train,0,0.0733,0,1
3584,train,0,0.0364,0,1
3585,train,0,0.0221,0,1
3586,test,0,0.0075,0,1
3587,train,0,0.0257,0,1
3588,train,0,0.0102,0,1
3589,train,0,0.0327,0,1
3590,train,0,0.0108,0,1
3591,train,0,0.0110,0,1
3592,train,0,0.0496,0,1
3593,train,0,0.0093,0,1
3594,train,0,0.0144,0,1
3595,train,1,0.1333,0,0
3596,train,1,0.6926,0,0
3597,train,1,0.7373,0,0
3598,train,1,0.7759,1,1
3599,train,1,0.7785,1,1
3600,test,1,0.4843,0,0
3601,train,1,0.5921,0,0
3602,train,0,0.5803,0,1
3603,test,0,0.2111,0,1
